LotArea,OverallQual,OverallCond,GrLivArea,FullBath,BedroomAbvGr,GarageCars,SaleCondition,LotShape,GarageType,SalePrice
8450,7,5,1710,2,3,2,Normal,Reg,Attchd,208500
9600,6,8,1262,2,3,2,Normal,Reg,Attchd,181500
11250,7,5,1786,2,3,2,Normal,IR1,Attchd,223500
9550,7,5,1717,1,3,3,Abnorml,IR1,Detchd,140000
14260,8,5,2198,2,4,3,Normal,IR1,Attchd,250000
14115,5,5,1362,1,1,2,Normal,IR1,Attchd,143000
10084,8,5,1694,2,3,2,Normal,Reg,Attchd,307000
10382,7,6,2090,2,3,2,Normal,IR1,Attchd,200000
6120,7,5,1774,2,2,2,Abnorml,Reg,Detchd,129900
7420,5,6,1077,1,2,1,Normal,Reg,Attchd,118000
11200,5,5,1040,1,3,1,Normal,Reg,Detchd,129500
11924,9,5,2324,3,4,3,Partial,IR1,BuiltIn,345000
12968,5,6,912,1,2,1,Normal,IR2,Detchd,144000
10652,7,5,1494,2,3,3,Partial,IR1,Attchd,279500
10920,6,5,1253,1,2,1,Normal,IR1,Attchd,157000
6120,7,8,854,1,2,2,Normal,Reg,Detchd,132000
11241,6,7,1004,1,2,2,Normal,IR1,Attchd,149000
10791,4,5,1296,2,2,2,Normal,Reg,CarPort,90000
13695,5,5,1114,1,3,2,Normal,Reg,Detchd,159000
7560,5,6,1339,1,3,1,Abnorml,Reg,Attchd,139000
14215,8,5,2376,3,4,3,Partial,IR1,BuiltIn,325300
7449,7,7,1108,1,3,1,Normal,Reg,Attchd,139400
9742,8,5,1795,2,3,2,Normal,Reg,Attchd,230000
4224,5,7,1060,1,3,2,Normal,Reg,Attchd,129900
8246,5,8,1060,1,3,1,Normal,IR1,Attchd,154000
14230,8,5,1600,2,3,3,Normal,Reg,Attchd,256300
7200,5,7,900,1,3,2,Normal,Reg,Detchd,134800
11478,8,5,1704,2,3,3,Normal,Reg,Attchd,306000
16321,5,6,1600,1,2,1,Normal,IR1,Attchd,207500
6324,4,6,520,1,1,1,Normal,IR1,Detchd,68500
8500,4,4,1317,1,3,1,Normal,Reg,Detchd,40000
8544,5,6,1228,1,3,1,Normal,IR1,Attchd,149350
11049,8,5,1234,2,3,2,Normal,Reg,Attchd,179900
10552,5,5,1700,1,4,2,Normal,IR1,Attchd,165500
7313,9,5,1561,2,2,2,Normal,Reg,Attchd,277500
13418,8,5,2452,3,4,3,Normal,Reg,BuiltIn,309000
10859,5,5,1097,1,3,2,Normal,Reg,Attchd,145000
8532,5,6,1297,1,3,2,Normal,Reg,Attchd,153000
7922,5,7,1057,1,3,1,Abnorml,Reg,Detchd,109000
6040,4,5,1152,2,2,0,AdjLand,Reg,NA,82000
8658,6,5,1324,2,3,2,Abnorml,Reg,Attchd,160000
16905,5,6,1328,1,2,1,Normal,Reg,Attchd,170000
9180,5,7,884,1,2,2,Normal,IR1,Attchd,144000
9200,5,6,938,1,3,1,Normal,IR1,Detchd,130250
7945,5,6,1150,1,3,1,Normal,Reg,Attchd,141000
7658,9,5,1752,2,2,2,Normal,Reg,Attchd,319900
12822,7,5,2149,1,1,2,Abnorml,IR1,Attchd,239686
11096,8,5,1656,2,3,3,Normal,Reg,Attchd,249700
4456,4,5,1452,2,2,0,Partial,Reg,NA,113000
7742,5,7,955,1,3,1,Normal,Reg,Attchd,127000
13869,6,6,1470,2,3,2,Normal,IR2,Attchd,177000
6240,6,6,1176,1,3,2,Normal,Reg,Detchd,114500
8472,5,5,816,1,2,2,Normal,IR2,CarPort,110000
50271,9,5,1842,0,0,3,Normal,IR1,Attchd,385000
7134,5,5,1360,1,3,2,Normal,Reg,Detchd,130000
10175,6,5,1425,2,3,2,Normal,IR1,Attchd,180500
2645,8,5,1739,2,3,2,Abnorml,Reg,Attchd,172500
11645,7,5,1720,2,3,2,Normal,IR1,Attchd,196500
13682,10,5,2945,3,3,3,Partial,IR2,BuiltIn,438780
7200,5,7,780,1,2,1,Normal,Reg,Detchd,124900
13072,6,5,1158,1,3,2,Partial,Reg,Detchd,158000
7200,5,7,1111,1,3,1,Normal,Reg,Detchd,101000
6442,8,5,1370,2,2,2,Normal,IR1,Attchd,202500
10300,7,6,1710,2,3,2,Normal,IR1,Detchd,140000
9375,7,5,2034,2,3,2,Normal,Reg,Attchd,219500
9591,8,5,2473,2,4,3,Normal,Reg,BuiltIn,317000
19900,7,5,2207,2,3,2,Normal,Reg,Attchd,180000
10665,7,5,1479,2,3,2,Normal,IR1,Attchd,226000
4608,4,6,747,1,2,1,Normal,Reg,Attchd,80000
15593,7,4,2287,2,3,2,Normal,Reg,Attchd,225000
13651,7,6,2223,2,3,2,Normal,IR1,Attchd,244000
7599,4,6,845,1,2,2,Normal,Reg,Detchd,129500
10141,7,5,1718,2,3,2,Normal,IR1,Attchd,185000
10200,5,7,1086,1,3,2,Normal,Reg,Attchd,144900
5790,3,6,1605,2,3,1,Normal,Reg,Detchd,107400
1596,4,5,988,1,2,1,Normal,Reg,BuiltIn,91000
8475,4,7,952,1,2,1,Normal,IR1,Detchd,135750
8635,5,5,1285,1,2,1,Normal,Reg,Detchd,127000
10778,4,5,1768,2,4,0,Normal,Reg,NA,136500
10440,5,6,1230,1,2,2,Normal,Reg,Detchd,110000
13000,6,6,2142,2,4,1,Normal,Reg,Attchd,193500
4500,6,5,1337,2,2,2,Normal,Reg,Attchd,153500
10206,8,5,1563,2,3,3,Normal,Reg,Attchd,245000
8892,5,5,1065,1,3,2,Normal,IR1,Detchd,126500
8530,7,5,1474,2,3,2,Normal,IR1,BuiltIn,168500
16059,8,5,2417,2,4,2,Normal,Reg,Attchd,260000
11911,6,5,1560,2,3,2,Normal,IR2,BuiltIn,174000
3951,6,5,1224,2,2,2,Partial,Reg,Detchd,164500
8470,3,2,1526,1,2,0,Abnorml,IR1,NA,85000
8070,4,5,990,1,3,0,Normal,Reg,NA,123600
7200,4,5,1040,1,2,2,Normal,Reg,Detchd,109900
8500,5,3,1235,1,2,2,Abnorml,Reg,Attchd,98600
13360,5,7,964,1,2,2,Normal,IR1,Detchd,163500
7200,6,6,2291,2,4,2,Normal,Reg,Detchd,133900
9337,6,5,1786,2,3,2,Normal,IR1,Attchd,204750
9765,6,8,1470,2,3,2,Normal,IR2,BuiltIn,185000
10264,7,5,1588,2,3,2,Normal,IR1,Attchd,214000
10921,4,5,960,1,3,1,Normal,Reg,Attchd,94750
10625,5,5,835,1,2,1,Abnorml,Reg,Basment,83000
9320,4,5,1225,1,3,0,Normal,IR1,NA,128950
10603,6,7,1610,2,3,2,Normal,IR1,Attchd,205000
9206,6,5,1732,2,3,2,Normal,Reg,Attchd,178000
7018,5,5,1535,2,4,2,Alloca,Reg,Attchd,118964
10402,7,5,1226,2,3,3,Normal,IR1,Attchd,198900
7758,7,4,1818,1,4,1,Normal,Reg,Detchd,169500
9375,8,5,1992,2,3,2,Normal,Reg,Attchd,250000
10800,4,7,1047,1,2,1,Normal,Reg,Detchd,100000
6000,5,5,789,1,2,1,Partial,Reg,Detchd,115000
8500,5,7,1517,2,3,0,Normal,Reg,NA,115000
11751,6,6,1844,2,3,2,Normal,IR1,Attchd,190000
9525,6,4,1855,2,4,1,Normal,Reg,Attchd,136900
7750,7,5,1430,2,3,2,Normal,IR1,BuiltIn,180000
9965,7,5,2696,2,4,3,Partial,Reg,BuiltIn,383970
21000,6,5,2259,2,3,2,Abnorml,Reg,Basment,217000
7259,6,8,2320,2,3,1,Normal,IR1,Detchd,259500
3230,6,5,1458,2,2,2,Normal,Reg,Detchd,176000
11616,5,5,1092,1,3,1,Normal,Reg,Attchd,139000
8536,5,5,1125,1,2,2,Partial,Reg,Attchd,155000
12376,7,5,3222,3,5,3,Normal,Reg,Attchd,320000
8461,6,5,1456,2,3,2,Partial,Reg,Attchd,163990
21453,6,5,988,1,1,2,Normal,IR1,Attchd,180000
6060,4,5,1123,1,3,1,Normal,Reg,Detchd,100000
9464,6,7,1080,1,3,1,Normal,Reg,Attchd,136000
7892,6,5,1199,2,2,2,Normal,Reg,Attchd,153900
17043,6,5,1586,2,3,2,Normal,IR1,Attchd,181000
6780,6,8,754,1,2,0,Normal,Reg,NA,84500
4928,6,5,958,2,2,2,Normal,IR1,Attchd,128000
4388,5,7,840,1,3,0,Normal,IR1,NA,87000
7590,6,5,1348,1,3,2,Normal,Reg,Attchd,155000
8973,5,7,1053,1,3,2,Abnorml,Reg,2Types,150000
14200,7,6,2157,2,4,2,Normal,Reg,Attchd,226000
12224,6,5,2054,2,3,2,Normal,IR1,BuiltIn,244000
7388,5,6,1327,1,3,2,Normal,Reg,Detchd,150750
6853,8,5,1296,2,2,2,Normal,IR1,Attchd,220000
10335,5,6,1721,2,3,2,Normal,IR1,Attchd,180000
10400,7,6,1682,2,3,2,Normal,Reg,Attchd,174000
10355,5,5,1214,2,3,1,Normal,IR1,Attchd,143000
11070,7,5,1959,3,5,3,Family,Reg,2Types,171000
9066,8,5,1852,2,3,3,Normal,IR1,Attchd,230000
15426,6,5,1764,2,3,2,Normal,IR1,Attchd,231500
10500,4,5,864,1,3,0,Normal,Reg,NA,115000
11645,7,5,1734,2,3,2,Normal,Reg,Attchd,260000
8520,5,4,1385,2,4,2,Normal,Reg,Detchd,166000
10335,7,5,1501,2,3,2,Normal,IR1,Attchd,204000
9100,5,5,1728,2,6,2,Abnorml,Reg,Detchd,125000
2522,6,5,1709,2,3,2,Normal,Reg,Detchd,130000
6120,5,7,875,1,2,1,Normal,Reg,Detchd,105000
9505,7,5,2035,2,3,2,Normal,IR1,BuiltIn,222500
7500,7,5,1080,1,3,0,Normal,Reg,NA,141000
6240,5,4,1344,1,3,1,Normal,Reg,Detchd,115000
10356,5,6,969,1,3,2,Normal,Reg,Attchd,122000
13891,8,5,1710,2,2,3,Partial,Reg,Attchd,372402
14803,6,5,1993,2,4,2,Normal,IR1,Attchd,190000
13500,6,7,1252,1,1,2,Normal,Reg,Attchd,235000
11340,6,5,1200,1,4,1,Family,Reg,Detchd,125000
9600,6,5,1096,1,2,0,Normal,Reg,NA,79000
7200,5,7,1040,1,2,2,Normal,Reg,Detchd,109500
12003,8,5,1968,2,4,3,Partial,Reg,BuiltIn,269500
12552,7,5,1947,2,3,2,Normal,Reg,Attchd,254900
19378,7,5,2462,2,4,2,Partial,IR1,Attchd,320000
11120,6,6,1232,2,3,2,Normal,IR1,Attchd,162500
13688,9,5,2668,2,3,3,Normal,IR1,BuiltIn,412500
12182,7,5,1541,2,3,2,Partial,Reg,Attchd,220000
5500,4,6,882,1,1,0,Normal,Reg,NA,103200
5400,6,7,1616,2,3,1,Normal,Reg,Detchd,152000
10106,5,7,1355,2,4,0,Normal,Reg,NA,127500
10708,5,5,1867,1,2,1,Normal,IR1,Attchd,190000
10562,8,5,2161,1,3,3,Partial,Reg,Attchd,325624
8244,7,5,1720,2,3,2,Normal,IR1,Attchd,183500
16669,8,6,1707,2,2,2,Normal,IR1,Attchd,228000
12358,5,6,1382,1,2,2,Normal,IR1,Detchd,128500
31770,6,5,1656,1,3,2,Normal,IR1,Attchd,215000
5306,7,7,1767,2,2,2,Normal,IR1,Attchd,239000
10197,6,5,1362,1,3,2,Normal,IR1,Attchd,163000
12416,6,5,1651,2,3,2,Normal,IR1,Attchd,184000
12615,6,7,2158,2,4,2,Normal,Reg,Attchd,243000
10029,6,5,2060,2,4,2,Normal,IR1,Attchd,211000
13650,5,5,1920,2,4,2,Normal,Reg,Attchd,172500
17423,9,5,2234,2,1,3,Partial,IR1,Attchd,501837
8520,5,6,968,1,2,2,Normal,Reg,Detchd,100000
2117,6,5,1525,2,3,2,Normal,Reg,Detchd,177000
7588,7,6,1802,1,4,1,Normal,Reg,Detchd,200100
9060,5,6,1340,1,3,1,Normal,Reg,Attchd,120000
11426,7,5,2082,2,3,2,Normal,Reg,Detchd,200000
7438,5,8,1252,1,3,2,Normal,IR1,Attchd,127000
22950,10,9,3608,2,4,3,Normal,IR2,Detchd,475000
9947,7,5,1217,2,3,2,Normal,IR1,Attchd,173000
10410,5,7,1656,2,3,1,Normal,Reg,Detchd,135000
7018,5,5,1224,0,2,2,Alloca,Reg,Detchd,153337
4923,8,5,1593,1,0,2,Normal,Reg,Attchd,286000
10570,8,8,2727,2,3,2,Normal,Reg,Detchd,315000
7472,7,9,1479,1,4,2,Normal,IR1,Attchd,184000
9017,7,5,1431,2,3,2,Normal,IR1,Attchd,192000
2522,7,5,1709,2,3,2,Normal,Reg,Detchd,130000
7180,5,7,864,1,3,1,Normal,IR1,Detchd,127000
2280,6,6,1456,2,3,2,Normal,Reg,Attchd,148500
9416,7,5,1726,2,3,3,Partial,Reg,Attchd,311872
25419,8,4,3112,2,4,2,Abnorml,Reg,Detchd,235000
5520,6,6,2229,1,5,0,Abnorml,Reg,NA,104000
9591,8,5,1713,2,3,3,Normal,Reg,Attchd,274900
8546,4,5,1121,2,2,2,Normal,Reg,Attchd,140000
10125,6,6,1279,2,3,2,Normal,Reg,Detchd,171500
7000,6,6,1310,2,2,1,Normal,Reg,Attchd,112000
4438,6,5,848,1,1,2,Normal,Reg,Attchd,149000
3500,5,7,1284,1,2,1,Normal,Reg,Detchd,110000
11851,7,5,1442,2,3,2,Normal,Reg,Attchd,180500
13673,5,5,1696,1,3,1,Normal,IR1,Attchd,143900
12493,4,5,1100,1,3,1,Normal,IR1,Attchd,141000
14364,7,5,2062,2,3,2,Normal,IR1,Attchd,277000
8250,6,7,1092,1,3,2,Normal,Reg,Attchd,145000
5604,5,6,864,1,2,0,Normal,Reg,NA,98000
10420,6,5,1212,2,3,2,Normal,Reg,Attchd,186000
8640,7,5,1852,2,3,2,Partial,Reg,Attchd,252678
13568,5,5,990,1,3,2,Normal,IR2,Attchd,156000
10900,6,7,1392,1,3,1,Normal,IR1,Attchd,161750
10011,5,6,1236,1,2,1,Normal,IR1,Attchd,134450
8450,7,5,1436,2,3,2,Normal,Reg,Attchd,210000
9906,4,4,1328,1,3,1,Family,Reg,Detchd,107000
15660,7,9,1954,1,3,2,Normal,IR1,Attchd,311500
3010,7,5,1248,2,2,2,Partial,Reg,Attchd,167240
8990,7,5,1498,2,2,2,Partial,IR1,Attchd,204900
8068,6,5,2267,2,4,2,Normal,IR1,BuiltIn,200000
11475,6,6,1552,2,3,2,Normal,Reg,Attchd,179900
10500,4,6,864,1,2,2,Abnorml,Reg,Detchd,97000
13472,10,5,2392,2,3,3,Normal,Reg,Attchd,386250
1680,5,5,1302,2,3,1,Abnorml,Reg,Detchd,112000
9950,7,5,2520,2,4,3,Abnorml,IR1,Attchd,290000
1869,6,6,987,1,2,1,Normal,Reg,Detchd,106000
8521,5,5,912,1,3,1,Normal,Reg,Detchd,125000
3182,7,5,1555,2,2,2,Normal,Reg,Attchd,192500
8760,6,6,1194,1,3,1,Normal,Reg,Attchd,148000
15138,8,5,2794,2,4,3,Normal,IR1,Attchd,403000
1680,6,5,987,1,2,1,Normal,Reg,Attchd,94500
10650,5,6,894,1,3,1,Normal,Reg,Attchd,128200
7851,6,5,1960,2,4,2,Normal,Reg,BuiltIn,216500
1680,6,3,987,1,2,1,Normal,Reg,Detchd,89500
8773,7,5,1414,2,3,2,Normal,Reg,Attchd,185500
9453,7,7,1744,2,3,2,Normal,IR1,Attchd,194500
12030,8,5,1694,2,3,3,Partial,Reg,Attchd,318000
8741,6,4,1487,1,3,1,Normal,Reg,Detchd,113000
9000,8,5,1566,2,3,2,Normal,Reg,Attchd,262500
3880,5,9,866,1,2,0,Normal,Reg,NA,110500
5000,5,4,1440,1,3,1,Normal,Reg,Attchd,79000
10762,6,6,1217,1,3,1,Normal,Reg,Attchd,120000
8880,7,5,2110,2,3,2,Normal,IR1,Attchd,205000
10400,7,5,1872,2,3,2,Normal,Reg,Attchd,241500
9142,6,8,1928,2,4,1,Normal,Reg,Detchd,137000
11310,6,5,1375,1,2,2,Normal,Reg,Attchd,140000
11317,7,5,1668,2,3,2,Normal,Reg,Attchd,180000
159000,6,7,2144,2,4,2,Normal,IR2,Attchd,277000
5350,3,2,1306,1,3,0,Normal,IR1,NA,76500
4750,8,5,1625,2,2,2,Family,IR1,Attchd,235000
8366,6,5,1640,2,3,2,Normal,IR1,Attchd,173000
9350,6,7,1302,2,3,1,Normal,Reg,Attchd,158000
8400,5,6,1314,1,3,1,Normal,Reg,Attchd,145000
8738,7,5,2291,2,4,2,Normal,IR1,BuiltIn,230000
8791,6,5,1728,2,3,2,Normal,IR1,Attchd,207500
8814,7,5,1604,2,3,2,Abnorml,Reg,Attchd,220000
12435,7,5,1792,2,3,2,Normal,Reg,Attchd,231500
12702,5,5,882,1,2,1,Normal,Reg,Detchd,97000
19296,6,5,1382,1,3,2,Normal,Reg,Attchd,176000
9588,8,5,2574,2,3,3,Partial,IR1,BuiltIn,276000
8471,6,7,1212,1,3,2,Normal,IR1,Attchd,151000
5500,5,7,1316,1,3,2,Normal,Reg,Detchd,130000
5232,5,5,764,1,2,2,Normal,IR3,Detchd,73000
12090,6,6,1422,2,3,2,Normal,IR1,Attchd,175500
11207,6,5,1511,2,3,2,Normal,IR1,Attchd,185000
8400,5,8,2192,2,4,1,Normal,Reg,Detchd,179500
6900,5,6,778,1,2,1,Normal,Reg,Detchd,120500
7917,6,7,1113,1,3,1,Normal,IR1,Attchd,148000
10728,8,5,1939,2,3,3,Partial,Reg,Attchd,266000
39104,7,7,1363,1,2,2,Normal,IR1,Attchd,241500
11764,8,7,2270,2,4,3,Normal,IR1,Attchd,290000
9600,6,6,1632,2,3,1,Normal,Reg,Attchd,139000
8314,5,7,816,1,2,1,Normal,Reg,Attchd,124500
7264,7,7,1548,2,3,2,Normal,Reg,Detchd,205000
9196,7,5,1560,2,3,2,Normal,IR1,Attchd,201000
19138,4,5,864,1,2,2,Normal,Reg,Detchd,141000
14450,9,5,2121,2,3,3,Partial,Reg,Attchd,415298
10005,7,5,2022,2,4,2,Normal,Reg,Attchd,192000
11287,7,6,1982,2,3,2,Normal,Reg,Attchd,228500
7200,6,5,1262,2,2,2,Partial,Reg,Attchd,185000
5063,7,5,1314,2,2,2,Normal,Reg,Attchd,207500
9612,8,5,1468,2,3,3,Partial,Reg,Attchd,244600
8012,6,5,1575,2,2,2,Normal,Reg,Attchd,179200
4251,7,5,1250,2,2,2,Partial,IR1,Detchd,164700
9786,6,7,1734,1,3,2,Normal,IR1,Attchd,159000
8125,4,4,858,1,3,0,Normal,IR1,NA,88000
9819,5,5,900,1,3,1,Normal,IR1,Detchd,122000
8730,6,7,1396,1,3,1,Normal,Reg,Detchd,153575
15611,8,5,1919,2,3,2,Partial,Reg,Attchd,233230
5687,5,6,1716,2,6,0,Normal,Reg,NA,135900
11409,5,4,1716,1,3,1,Normal,Reg,Attchd,131000
16659,7,7,2263,2,3,2,Normal,IR1,Attchd,235000
9600,6,5,1644,1,3,2,Normal,Reg,Attchd,167000
7937,6,6,1003,1,3,2,Normal,IR1,Detchd,142500
13710,5,5,1558,1,4,1,Normal,Reg,Attchd,152000
7399,7,5,1950,2,3,2,Normal,IR1,Detchd,239000
11700,6,6,1743,1,3,2,Normal,Reg,Attchd,175000
14000,6,8,1152,1,3,1,Family,Reg,Attchd,158500
15750,5,5,1336,1,2,1,Normal,Reg,Attchd,157000
16226,8,5,2452,2,4,2,Normal,IR3,BuiltIn,267000
13704,7,5,1541,2,3,3,Normal,IR1,Attchd,205000
9800,5,7,894,1,3,2,Abnorml,Reg,Attchd,149900
18386,7,9,3493,3,3,3,Normal,Reg,Attchd,295000
10386,8,5,2000,2,3,3,Normal,Reg,Attchd,305900
13474,7,5,2243,2,4,3,Normal,Reg,Attchd,225000
7920,6,7,1406,1,3,0,Normal,IR1,NA,89500
12342,4,5,861,1,1,2,Normal,IR1,Detchd,82500
12378,9,5,1944,2,3,3,Normal,IR1,Attchd,360000
7685,6,5,1501,2,3,2,Normal,IR1,Attchd,165600
8000,6,6,972,1,2,1,Normal,Reg,Detchd,132000
7800,5,7,1118,1,3,2,Normal,Reg,Detchd,119900
215245,7,5,2036,2,3,2,Normal,IR3,Attchd,375000
9600,7,7,1641,1,3,2,Normal,Reg,Detchd,178000
7795,7,5,1432,2,3,2,Normal,IR1,Attchd,188500
13005,7,7,2353,2,4,2,Normal,IR1,Attchd,260000
9000,8,5,1959,2,3,3,Normal,Reg,Attchd,270000
9900,7,5,2646,2,4,3,Normal,Reg,Attchd,260000
14115,7,5,1472,2,3,2,Normal,Reg,Attchd,187500
16259,9,5,2596,3,4,3,Partial,Reg,Attchd,342643
12099,8,5,2468,2,4,3,Normal,IR1,BuiltIn,354000
10380,7,5,2730,2,4,2,Normal,IR1,Attchd,301000
5820,3,8,1163,1,3,1,Normal,Reg,Attchd,126175
11275,7,7,2978,2,5,2,Normal,Reg,BuiltIn,242000
5000,5,6,803,1,2,2,Normal,Reg,Detchd,87000
10846,8,5,1719,1,1,2,Normal,IR1,Attchd,324000
11600,6,5,1383,1,3,1,Normal,Reg,Attchd,145250
11888,6,6,2134,2,5,2,Normal,IR1,Detchd,214500
6402,5,5,1192,1,3,1,Normal,Reg,Detchd,78000
10624,5,4,1728,2,6,1,Normal,IR1,Detchd,119000
8176,5,6,1056,1,3,1,Normal,Reg,Attchd,139000
10655,8,5,1629,2,3,3,Normal,IR1,Attchd,284000
8198,7,5,1358,2,2,2,Normal,Reg,Attchd,207000
9042,6,5,1638,2,3,2,Normal,IR1,Attchd,192000
164660,5,6,1786,2,3,2,Normal,IR1,Attchd,228950
14157,9,5,1922,2,3,3,Normal,IR1,Attchd,377426
9135,7,5,1536,2,3,2,Normal,Reg,Attchd,214000
14145,7,7,1621,2,3,2,Normal,Reg,Attchd,202500
12400,6,7,1215,1,3,1,Normal,IR1,Attchd,155000
14191,8,5,1908,2,4,2,Normal,Reg,Attchd,202900
8400,4,4,841,1,2,1,Normal,Reg,CarPort,82000
8544,3,4,1040,2,2,2,Normal,Reg,Detchd,87500
8849,9,5,1684,2,2,2,Normal,IR1,Attchd,266000
2592,5,3,1112,1,3,1,Normal,Reg,Attchd,85000
6435,6,5,1577,1,3,1,Normal,Reg,Detchd,140200
12772,6,8,958,1,2,1,Normal,IR1,Attchd,151500
17600,6,5,1478,2,3,2,Normal,IR1,Attchd,157500
2448,7,5,1626,2,2,2,Normal,Reg,BuiltIn,154000
20431,9,5,2728,2,4,3,Partial,IR2,Attchd,437154
7820,9,5,1869,2,2,2,Partial,IR1,Attchd,318061
5271,7,5,1453,1,2,2,Abnorml,IR1,Attchd,190000
9084,5,6,1111,1,3,1,Normal,Reg,Detchd,95000
8520,6,8,720,1,2,2,Normal,Reg,Detchd,105900
8400,6,5,1595,1,2,1,Normal,Reg,Attchd,140000
11249,6,5,1200,2,3,2,Normal,IR2,Attchd,177500
9248,6,6,1167,2,3,2,Normal,IR1,Attchd,173000
4224,5,5,1142,1,3,2,Normal,Reg,Attchd,134000
6930,5,4,1352,1,3,1,Abnorml,IR1,BuiltIn,130000
12011,8,5,1924,2,3,2,Normal,IR1,Attchd,280000
7540,6,6,912,1,2,2,Normal,IR1,Attchd,156000
9144,5,5,1505,1,3,1,Normal,Reg,Detchd,145000
7301,7,5,1922,3,4,2,Normal,Reg,BuiltIn,198500
1680,6,8,987,1,2,1,Normal,Reg,Detchd,118000
18800,6,5,1574,2,3,2,Normal,IR1,Attchd,190000
10690,5,7,1344,1,3,1,Normal,Reg,Detchd,147000
9500,6,5,1394,1,3,2,Normal,IR1,Attchd,159000
9150,6,5,1431,1,3,1,Normal,IR1,Basment,165000
7800,5,6,1268,1,2,1,Normal,Reg,Attchd,132000
9830,5,7,1287,1,3,2,Normal,IR1,Detchd,162000
8121,6,5,1664,2,3,2,Normal,IR1,Attchd,172400
17120,4,4,1588,2,4,2,Normal,Reg,Detchd,134432
7175,6,5,752,1,2,1,Normal,Reg,Attchd,125000
10634,5,6,1319,1,3,1,Normal,Reg,Attchd,123000
8200,7,5,1928,2,4,2,Normal,Reg,BuiltIn,219500
10020,1,1,904,0,1,0,Normal,IR1,NA,61000
8846,5,5,914,1,2,2,Normal,IR1,Detchd,148000
11143,8,5,2466,3,4,2,Normal,IR1,Attchd,340000
11394,9,2,1856,1,1,3,Partial,Reg,Attchd,394432
8123,6,5,1800,2,3,2,Normal,IR1,Attchd,179000
5000,5,6,1691,2,3,1,Normal,Reg,Detchd,127000
7200,7,5,1301,2,2,2,Partial,Reg,Attchd,187750
9245,7,5,1797,2,3,2,Normal,IR1,Attchd,213500
9000,6,3,784,1,2,2,Normal,Reg,Detchd,76000
53107,6,5,1953,2,3,2,Normal,IR2,Attchd,240000
3182,8,5,1269,2,2,2,Normal,Reg,Attchd,192000
8410,5,3,1184,1,5,0,AdjLand,Reg,NA,81000
7200,6,6,1125,1,3,1,Abnorml,Reg,Detchd,125000
9382,7,5,1479,2,3,2,Normal,IR1,Attchd,191000
12474,10,5,2332,2,3,3,Partial,Reg,BuiltIn,426000
8405,5,8,1367,1,4,1,Normal,Reg,Detchd,119000
12209,6,5,1961,2,3,2,Normal,IR1,BuiltIn,215000
8339,5,7,882,1,3,1,Normal,IR1,Attchd,106500
7446,4,5,788,1,2,0,Abnorml,Reg,NA,100000
10134,5,6,1034,1,2,1,Normal,Reg,Detchd,109000
9571,5,6,1144,1,3,1,Normal,Reg,Attchd,129000
7200,5,5,894,1,2,2,Normal,Reg,Detchd,123000
7590,5,5,1812,2,4,1,Normal,Reg,Attchd,169500
8967,5,2,1077,1,2,1,Abnorml,Reg,Detchd,67000
8125,7,5,1550,2,2,2,Normal,Reg,Attchd,241000
14963,8,5,1288,1,1,2,Normal,IR2,Attchd,245500
8767,7,5,1310,2,3,2,Partial,IR1,Attchd,164990
10200,5,8,672,1,2,1,Normal,Reg,Detchd,108000
12090,8,5,2263,2,4,2,Abnorml,Reg,BuiltIn,258000
10364,6,5,1572,2,3,2,Normal,IR1,BuiltIn,168000
9991,4,4,1620,2,3,2,Normal,IR1,Attchd,150000
10480,6,5,1639,1,3,1,Normal,Reg,Detchd,115000
15576,6,7,1680,2,4,1,Normal,Reg,Attchd,177000
14154,7,5,2172,2,3,3,Partial,Reg,Attchd,280000
10800,8,5,2078,2,3,3,Partial,Reg,Attchd,339750
9571,5,3,1276,1,3,1,Abnorml,Reg,Attchd,60000
34650,5,5,1056,1,3,2,Normal,Reg,Attchd,145000
4403,7,5,1478,2,2,2,Partial,IR2,Attchd,222000
8960,5,6,1028,1,2,2,Normal,Reg,Detchd,115000
11228,7,5,2097,2,3,3,Normal,IR2,Attchd,228000
8899,7,5,1340,2,3,2,Partial,IR1,Attchd,181134
7844,6,7,1400,1,3,2,Normal,Reg,Attchd,149500
22420,6,6,2624,2,4,3,Normal,IR1,Detchd,239000
8160,5,6,1134,1,3,1,AdjLand,Reg,Detchd,126000
8450,5,6,1056,1,3,1,Normal,Reg,Attchd,142000
7060,7,5,1344,2,2,4,Alloca,Reg,Attchd,206300
16635,6,7,1602,2,3,2,Normal,IR1,Attchd,215000
21750,5,5,988,1,2,2,Normal,Reg,Attchd,113000
9200,8,5,2630,2,4,3,Normal,Reg,Attchd,315000
9000,6,5,1196,1,2,1,Normal,Reg,Attchd,139000
3378,7,8,1389,1,3,1,Normal,Reg,Detchd,135000
12800,7,5,1644,2,2,2,Normal,Reg,Attchd,275000
8593,4,6,907,1,3,1,Normal,IR1,Detchd,109008
6762,7,5,1208,2,2,2,Partial,Reg,Attchd,195400
11457,6,5,1412,2,3,2,Normal,IR1,Attchd,175000
1680,6,5,987,1,2,1,Abnorml,Reg,Detchd,85400
5586,6,7,1198,1,4,0,Abnorml,IR1,NA,79900
1920,5,5,1365,1,2,2,Normal,Reg,Detchd,122500
10839,6,5,1604,2,3,2,Normal,IR1,Attchd,181000
1890,4,7,630,1,1,0,Normal,Reg,NA,81000
10667,7,6,1661,2,3,2,Normal,IR2,Attchd,212000
4400,6,8,1118,1,2,2,Normal,Reg,Detchd,116000
6000,6,7,904,1,2,1,Normal,Reg,Detchd,119000
4280,5,6,694,1,2,1,Normal,Reg,Detchd,90350
12354,6,8,1196,1,3,2,Normal,Reg,Detchd,110000
15431,10,5,2402,2,2,3,Normal,Reg,Attchd,555000
12108,4,4,1440,2,4,0,Normal,Reg,NA,118000
6240,5,7,1573,2,3,2,Normal,Reg,Detchd,162900
3922,7,5,1258,2,2,3,Partial,Reg,Attchd,172500
8750,7,5,1908,2,4,2,Normal,Reg,Attchd,210000
9855,6,5,1689,1,3,2,Normal,Reg,Attchd,127500
16492,6,6,1888,2,2,2,Normal,IR1,Attchd,190000
11214,7,5,1886,2,4,2,Normal,IR1,Attchd,199900
8600,6,6,1376,2,3,1,Normal,Reg,Detchd,119500
6000,3,7,1183,1,2,1,Normal,Reg,Detchd,120000
5684,6,8,813,1,2,1,Normal,Reg,Detchd,110000
70761,7,5,1533,2,2,2,Normal,IR1,Attchd,280000
9303,6,5,1756,2,3,2,Normal,IR1,Attchd,204000
9000,8,5,1590,2,3,2,Normal,Reg,Attchd,210000
9297,5,5,1728,2,4,2,Family,Reg,Detchd,188000
9600,7,6,1242,1,3,2,Normal,Reg,Attchd,175500
4571,5,5,1344,1,4,3,Abnorml,Reg,Detchd,98000
53227,4,6,1663,1,2,2,Normal,IR1,Attchd,256000
5100,8,7,1666,1,3,1,Normal,Reg,Detchd,161000
7015,5,4,1203,1,3,1,Normal,IR1,Detchd,110000
8004,8,5,1935,2,3,2,Partial,IR1,BuiltIn,263435
7200,7,9,1135,1,3,2,Normal,Reg,Detchd,155000
8281,5,5,864,1,3,1,Normal,IR1,Detchd,62383
11988,6,7,1660,1,3,1,Normal,IR1,Detchd,188700
8430,5,5,1040,2,3,0,Normal,Reg,NA,124000
3072,7,5,1414,2,2,2,Normal,Reg,Attchd,178740
10628,7,5,1277,1,2,2,Normal,Reg,Attchd,167000
9480,5,7,1644,1,3,1,Normal,Reg,Attchd,146500
11428,8,5,1634,2,3,3,Normal,IR1,Attchd,250000
9291,6,5,1710,2,3,2,Normal,IR1,Attchd,187000
6820,8,5,1502,1,1,2,Normal,IR1,Attchd,212000
11952,7,6,1969,2,3,2,Normal,Reg,Attchd,190000
3675,6,5,1072,1,2,2,Normal,Reg,Basment,148000
14977,8,5,1976,2,2,3,Partial,IR1,Attchd,440000
5330,8,5,1652,2,2,2,Normal,Reg,Attchd,251000
8480,5,6,970,1,2,2,Normal,Reg,Detchd,132500
13125,6,5,1493,2,3,2,Normal,Reg,Attchd,208900
13693,9,5,2643,2,3,3,Normal,Reg,BuiltIn,380000
10637,8,5,1718,2,3,3,Normal,Reg,Attchd,297000
5925,4,7,1131,1,2,2,Alloca,Reg,Detchd,89471
16033,9,5,1850,2,3,3,Normal,IR1,Attchd,326000
11846,9,5,1792,2,2,3,Normal,IR1,Attchd,374000
2500,7,8,1826,1,4,1,Normal,Reg,Attchd,155000
4500,6,5,1216,2,2,2,Normal,Reg,Attchd,164000
7758,5,7,999,1,3,1,Normal,IR1,Detchd,132500
9600,5,7,1113,1,3,1,Normal,Reg,Attchd,147000
10289,5,7,1073,1,3,2,Normal,Reg,Attchd,156000
12243,5,6,1484,2,3,2,Normal,IR1,Attchd,175000
10800,5,4,2414,2,3,2,Normal,Reg,Attchd,160000
1526,4,8,630,1,1,1,Normal,Reg,Attchd,86000
2665,5,6,1304,1,3,1,Normal,Reg,BuiltIn,115000
9490,6,7,1578,1,3,1,Normal,Reg,Attchd,133000
15578,6,5,1456,2,3,2,Partial,IR1,Attchd,172785
7931,5,6,1269,1,3,1,Normal,Reg,Detchd,155000
5784,5,8,886,1,2,1,Normal,Reg,Attchd,91300
7879,4,5,720,1,2,0,Abnorml,Reg,NA,34900
12692,8,5,3228,3,4,2,Normal,IR1,Attchd,430000
9120,7,6,1820,2,4,1,Normal,Reg,Detchd,184000
7800,5,7,899,1,3,1,Normal,Reg,Attchd,130000
7535,5,7,912,1,2,1,Normal,IR1,Attchd,120000
1890,6,5,1218,1,3,1,Normal,Reg,Detchd,113000
9803,7,5,1768,2,3,2,Normal,Reg,Attchd,226700
9170,5,7,1214,1,2,2,Normal,Reg,Detchd,140000
15602,7,8,1801,2,1,2,Normal,IR1,Attchd,289000
2308,6,5,1322,2,3,2,Normal,Reg,Attchd,147000
7596,5,5,1960,2,4,2,Normal,Reg,Detchd,124500
9554,8,5,1911,2,3,2,Normal,IR1,Attchd,215000
7862,6,5,1218,2,2,2,Partial,IR1,Attchd,208300
9600,7,9,1378,2,3,2,Normal,Reg,Detchd,161000
9600,5,6,1041,1,3,1,Normal,Reg,Attchd,124500
14559,5,7,1363,1,2,1,Normal,Reg,CarPort,164900
6792,7,5,1368,2,2,2,Partial,IR1,Attchd,202665
9100,5,5,864,1,3,2,Normal,Reg,Detchd,129900
9187,6,5,1080,1,3,2,Normal,Reg,Attchd,134000
10594,5,5,789,1,2,1,Normal,Reg,Detchd,96500
12220,10,5,2020,2,3,3,Partial,Reg,Attchd,402861
10448,6,6,2119,2,3,2,Abnorml,IR1,Attchd,158000
10208,7,5,2344,2,3,3,Normal,IR1,Attchd,265000
9531,6,5,1796,2,3,2,Normal,IR1,Attchd,211000
10918,7,9,2080,1,3,1,Normal,Reg,Detchd,234000
10800,4,7,1294,2,3,0,Normal,Reg,NA,106250
11988,6,6,1244,1,3,1,Normal,IR1,Attchd,150000
5000,6,7,1664,2,3,2,Normal,Reg,Detchd,159000
40094,10,5,4676,3,3,3,Partial,IR1,BuiltIn,184750
11787,7,5,2398,2,3,3,Normal,IR1,Attchd,315750
7500,7,5,1266,2,3,2,Normal,Reg,Attchd,176000
13300,5,7,928,1,2,1,Normal,Reg,Attchd,132000
14948,9,5,2713,2,3,3,Partial,IR1,Attchd,446261
9098,4,7,605,1,2,0,Normal,IR1,NA,86000
32668,6,3,2515,3,4,2,Alloca,IR1,Attchd,200624
10200,6,5,1509,2,3,2,Abnorml,Reg,Attchd,175000
6155,6,8,1362,2,3,2,Normal,IR1,Detchd,128000
7200,5,7,827,1,2,1,Normal,Reg,Detchd,107500
5000,1,3,334,1,1,0,Normal,Reg,NA,39300
9056,8,5,1414,2,3,2,Normal,IR1,Attchd,178000
7000,5,7,1347,1,3,0,Normal,Reg,NA,107500
8924,7,5,1724,2,3,2,Normal,IR1,Attchd,188000
12735,4,5,864,1,3,2,Normal,IR1,Detchd,111250
11553,5,5,1159,1,3,1,Normal,IR1,Attchd,158000
11423,8,5,1601,2,3,2,Normal,Reg,Attchd,272000
14601,9,5,1838,2,2,3,Normal,Reg,Attchd,315000
11000,8,5,2285,2,4,3,Normal,Reg,BuiltIn,248000
10140,7,5,1680,2,3,2,Normal,Reg,Attchd,213250
4058,7,5,767,1,1,1,Normal,Reg,Attchd,133000
17104,7,5,1496,2,3,2,Partial,IR1,Attchd,179665
13837,7,5,2183,2,4,3,Normal,IR1,Attchd,229000
8737,6,7,1635,1,3,2,Normal,IR1,Detchd,210000
7244,5,7,768,1,2,2,Normal,Reg,Detchd,129500
8235,5,7,825,1,2,2,Normal,IR1,Detchd,125000
9375,7,5,2094,2,4,2,Normal,Reg,BuiltIn,263000
4043,6,6,1069,2,2,2,Abnorml,Reg,Attchd,140000
6000,5,6,928,1,3,1,Normal,Reg,Attchd,112500
11146,8,5,1717,2,3,3,Normal,IR1,Attchd,255500
8777,4,5,1126,2,2,2,Normal,Reg,Detchd,108000
10625,7,5,2046,2,3,3,Normal,Reg,BuiltIn,284000
6380,5,6,1048,1,2,1,Normal,Reg,Detchd,113000
14850,5,5,1092,1,2,1,Normal,IR1,Attchd,141000
11040,4,6,1336,1,3,1,Normal,Reg,CarPort,108000
21872,7,5,1446,2,3,2,Normal,IR2,Attchd,175000
3196,7,5,1557,2,2,2,Normal,Reg,Attchd,234000
11341,5,6,1392,1,3,2,Normal,IR1,Detchd,121500
10010,5,5,1389,1,2,2,Normal,Reg,Attchd,170000
13907,5,6,996,1,3,0,Normal,Reg,NA,108000
21780,6,7,1674,2,4,2,Normal,Reg,Detchd,185000
13346,7,5,2295,2,4,2,Normal,IR1,Attchd,268000
6858,6,4,1647,1,4,1,Normal,Reg,Detchd,128000
11198,9,5,2504,2,4,3,Normal,IR1,BuiltIn,325000
10171,7,5,1535,2,3,2,Normal,IR1,Attchd,214000
12327,8,8,2132,1,1,2,Normal,IR1,BuiltIn,316600
7032,5,5,943,1,2,2,Normal,IR1,Detchd,135960
13101,5,5,1728,2,6,2,Normal,IR1,Detchd,142600
7332,6,6,864,1,2,1,Abnorml,Reg,Attchd,120000
13159,7,5,1692,2,3,2,Partial,IR1,Attchd,224500
9967,7,5,1430,2,3,2,Normal,IR1,BuiltIn,170000
10500,5,7,1109,1,3,1,Normal,Reg,BuiltIn,139000
8480,5,5,1216,1,2,1,Abnorml,Reg,Detchd,118500
6292,7,7,1477,2,3,1,Normal,Reg,Detchd,145000
11777,5,6,1320,1,3,2,Abnorml,IR1,Attchd,164500
3604,7,5,1392,2,2,2,Abnorml,Reg,Detchd,146000
12150,5,5,1795,2,4,1,Normal,Reg,Attchd,131500
14585,6,6,1429,1,3,2,Normal,IR1,Attchd,181900
12704,8,5,2042,2,3,3,Partial,Reg,Attchd,253293
11841,6,5,816,1,3,0,Normal,Reg,NA,118500
13500,10,9,2775,3,3,2,Normal,Reg,Detchd,325000
6120,4,7,1573,1,3,1,Normal,Reg,Detchd,133000
11443,8,5,2028,2,2,3,Partial,Reg,Attchd,369900
10267,6,7,838,1,2,1,Normal,Reg,Detchd,130000
8740,5,6,860,1,2,2,Normal,IR1,Detchd,137000
25095,5,8,1473,1,1,1,Partial,IR1,Attchd,143000
9100,5,6,935,1,2,1,Normal,Reg,Detchd,79500
8320,7,5,1582,2,3,2,Normal,Reg,Attchd,185900
13478,10,5,2296,2,3,3,Normal,IR1,BuiltIn,451950
6600,5,8,816,1,2,2,Normal,Reg,Detchd,138000
4435,6,5,848,1,1,2,Normal,Reg,Attchd,140000
7990,5,6,924,1,3,1,Normal,IR1,Detchd,110000
11302,8,5,1826,2,3,3,Partial,IR1,Attchd,319000
3600,6,7,1368,1,3,1,Normal,Reg,Detchd,114504
3922,7,5,1402,0,2,3,Partial,Reg,Attchd,194201
12984,5,6,1647,2,3,2,Normal,Reg,Attchd,217500
1950,6,6,1556,2,3,2,Normal,Reg,Attchd,151000
10927,8,5,1904,2,3,2,Normal,Reg,BuiltIn,275000
9000,6,6,1375,1,3,1,Normal,Reg,Detchd,141000
10041,8,5,1915,2,3,2,Abnorml,IR1,Attchd,220000
3182,7,5,1200,2,2,2,Normal,Reg,Detchd,151000
12803,7,5,1494,2,3,2,Normal,IR1,Attchd,221000
13600,7,6,1986,2,3,2,Normal,Reg,Attchd,205000
12464,5,5,1040,1,3,2,Normal,IR2,Detchd,152000
7800,5,8,2008,3,3,1,Normal,Reg,Attchd,225000
12168,8,6,3194,2,4,2,Alloca,Reg,Basment,359100
7943,4,5,1029,1,3,1,Normal,Reg,Attchd,118500
11050,9,5,2153,2,3,3,Normal,Reg,Attchd,313000
10395,6,6,1032,2,3,2,Normal,IR1,Attchd,148000
11885,8,5,1872,2,3,2,Normal,Reg,BuiltIn,261500
8402,5,5,1120,1,3,0,Partial,Reg,NA,147000
1491,4,6,630,1,1,0,Normal,Reg,NA,75500
8800,6,7,1054,1,3,2,Abnorml,Reg,Attchd,137500
7861,6,5,1509,2,3,2,Normal,IR1,Attchd,183200
7227,6,6,832,1,2,2,Normal,Reg,Detchd,105500
11694,9,5,1828,2,3,3,Partial,Reg,Attchd,314813
12244,8,5,2262,2,4,3,Normal,Reg,Attchd,305000
8248,3,3,864,1,2,0,Normal,Reg,NA,67000
10800,6,7,2614,2,4,2,Normal,Reg,Attchd,240000
7064,5,6,980,1,3,2,Normal,Reg,Detchd,135000
2117,6,5,1512,2,2,2,Normal,Reg,Detchd,168500
10400,6,5,1790,1,4,2,Normal,Reg,Attchd,165150
10000,6,6,1116,1,3,2,Normal,IR1,Attchd,160000
12342,5,5,1422,1,3,1,Normal,IR1,Attchd,139900
9600,6,6,1520,1,3,1,Normal,Reg,Basment,153000
11606,5,5,2080,1,5,2,Family,IR1,Attchd,135000
9020,6,5,1350,1,3,2,Normal,Reg,Attchd,168500
9000,5,6,1750,1,3,1,Abnorml,Reg,Detchd,124000
4590,8,5,1554,2,2,2,Normal,Reg,Attchd,209500
11900,7,5,1411,2,3,2,Family,Reg,Attchd,82500
9250,5,7,1056,1,3,1,Normal,Reg,Attchd,139400
6979,6,5,1056,0,0,2,Normal,Reg,Detchd,144000
10896,6,7,3395,2,8,0,Abnorml,Reg,NA,200000
6120,2,3,800,1,1,0,Normal,Reg,NA,60000
6000,5,4,1387,2,3,1,Normal,Reg,BuiltIn,93000
8777,5,7,796,1,2,0,Normal,Reg,NA,85000
3982,8,5,1567,2,1,3,Partial,Reg,Attchd,264561
12677,8,5,1518,1,1,2,Normal,IR1,Attchd,274000
7050,7,5,1929,2,3,2,Normal,Reg,Attchd,226000
13860,8,7,2704,2,4,2,Normal,Reg,Attchd,345000
10793,5,5,1620,2,4,2,Normal,Reg,Attchd,152000
9187,9,5,1766,2,2,3,Partial,Reg,Attchd,370878
10530,6,5,981,1,3,2,Normal,IR1,Detchd,143250
7200,5,5,1048,1,3,2,Normal,Reg,Detchd,98300
10452,6,5,1094,1,3,2,Normal,IR1,Attchd,155000
7700,6,5,1839,1,4,2,Normal,Reg,Attchd,155000
1936,4,6,630,1,1,0,Normal,Reg,NA,84500
8125,7,6,1665,2,3,2,Normal,Reg,Attchd,205950
9084,4,5,1510,1,4,1,Normal,Reg,Detchd,108000
8750,7,5,1716,2,2,2,Normal,Reg,Attchd,191000
10320,6,7,1469,1,3,1,Normal,Reg,Detchd,135000
10437,8,6,2113,2,2,3,Normal,IR1,Attchd,350000
1680,6,5,1092,1,3,1,Family,Reg,Detchd,88000
10007,5,7,1053,1,3,1,Normal,IR1,Attchd,145500
7200,7,6,1502,1,3,1,Normal,Reg,Attchd,149000
17503,6,5,1458,1,3,1,Abnorml,Reg,Attchd,97500
9937,5,7,1486,1,3,2,Normal,Reg,Detchd,167000
12384,7,7,1935,2,3,2,Normal,Reg,Attchd,197900
46589,8,7,2448,2,4,3,Normal,IR2,Attchd,402000
13560,6,3,1392,1,2,2,Normal,Reg,Attchd,110000
10012,4,5,1181,2,3,2,Normal,Reg,Detchd,137500
20896,8,5,2097,1,1,3,Partial,IR2,Attchd,423000
11194,8,5,1936,2,3,2,Normal,IR1,Attchd,230500
18450,6,5,2380,2,3,2,Abnorml,IR1,CarPort,129000
8125,6,5,1679,2,3,2,Normal,Reg,Attchd,193500
14175,5,6,1437,1,3,2,Normal,Reg,Detchd,168000
11600,4,5,1180,1,2,1,Normal,Reg,Detchd,137500
8633,6,5,1476,2,3,2,Normal,Reg,Attchd,173500
6629,6,6,1369,2,3,1,Normal,Reg,Detchd,103600
11250,6,6,1208,1,3,2,Normal,IR1,Attchd,165000
14442,6,7,1839,2,3,2,Normal,Reg,Attchd,257500
9200,6,6,1136,1,3,1,Normal,Reg,Attchd,140000
2289,6,6,1441,2,3,2,Normal,Reg,Attchd,148500
9600,4,2,1774,2,4,3,Normal,Reg,2Types,87000
9022,5,8,792,1,2,1,Normal,Reg,Detchd,109500
11844,8,5,2046,2,3,3,Partial,IR1,Attchd,372500
9945,5,5,988,1,3,2,Normal,IR1,Detchd,128500
8012,6,5,923,2,2,1,Normal,Reg,Attchd,143000
4500,5,5,1520,1,3,1,Abnorml,IR2,Detchd,159434
2887,6,5,1291,1,2,2,Normal,Reg,Attchd,173000
11248,9,5,1668,2,3,3,Normal,IR1,Attchd,285000
16770,7,5,1839,2,4,2,Normal,IR2,Attchd,221000
5062,7,5,2090,2,3,2,Normal,IR1,Attchd,207500
10207,7,6,1761,3,3,2,Partial,Reg,Attchd,227875
5105,7,5,1102,2,2,2,Normal,IR2,Detchd,148800
8089,8,6,1419,2,2,2,Partial,Reg,Attchd,392000
7577,6,5,1362,2,2,2,Normal,IR1,Attchd,194700
4426,6,5,848,1,1,2,Normal,Reg,Attchd,141000
21535,10,6,4316,3,4,3,Normal,IR1,Attchd,755000
26178,7,5,2519,2,4,2,Normal,IR1,Attchd,335000
5400,5,6,1073,1,2,1,Abnorml,Reg,Detchd,108480
6120,5,6,1539,1,3,2,Normal,Reg,Detchd,141500
13811,6,6,1137,2,2,2,Normal,IR1,Attchd,176000
6000,5,7,616,1,2,1,Normal,Reg,Detchd,89000
6420,5,7,1148,1,2,1,Normal,IR1,Detchd,123500
8450,5,8,894,1,3,1,Normal,Reg,Detchd,138500
4282,7,5,1391,2,2,2,Normal,IR2,Attchd,196000
14331,8,5,1800,2,3,3,Normal,Reg,Attchd,312500
9600,7,5,1164,1,3,2,Normal,Reg,Attchd,140000
12438,8,5,2576,2,4,3,Partial,IR1,BuiltIn,361919
7630,5,9,1812,2,4,2,Normal,Reg,Detchd,140000
8400,7,5,1484,2,3,2,Normal,Reg,Attchd,213000
5600,4,5,1092,2,3,0,Normal,Reg,NA,55000
115149,7,5,1824,2,2,2,Normal,IR2,Attchd,302000
6240,8,5,1324,2,2,2,Normal,Reg,Attchd,254000
9018,7,5,1456,2,3,2,Partial,IR1,Attchd,179540
7162,5,7,904,1,3,1,Abnorml,IR1,Attchd,109900
4130,3,6,729,1,2,0,Normal,IR1,NA,52000
8712,4,7,1178,1,2,1,Abnorml,Reg,Detchd,102776
4671,8,5,1228,2,2,2,Normal,IR1,Attchd,189000
9873,4,5,960,1,3,2,Normal,Reg,Detchd,129000
13517,6,8,1479,2,3,2,Normal,IR1,Attchd,130500
10140,6,5,1350,2,3,2,Normal,Reg,Attchd,165000
10800,7,8,2554,1,3,2,Normal,Reg,Detchd,159500
10000,5,6,1178,1,3,2,Normal,Reg,Attchd,157000
10542,7,5,2418,2,3,3,Normal,Reg,Attchd,341000
9920,5,6,971,1,3,1,Normal,IR1,Attchd,128500
6563,8,5,1742,2,2,2,Normal,IR1,Attchd,275000
4426,6,5,848,1,1,2,Normal,Reg,Attchd,143000
8120,4,7,864,1,3,2,Normal,Reg,Detchd,124500
8172,4,6,1470,2,4,1,Normal,Reg,Detchd,135000
13286,9,5,1698,2,3,3,Normal,IR1,Attchd,320000
6960,4,6,864,1,3,2,Normal,Reg,Detchd,120500
21695,6,9,1680,2,3,2,Normal,IR1,Attchd,222000
7314,7,5,1232,2,2,2,Normal,Reg,Attchd,194500
11475,5,5,1776,2,4,3,Abnorml,Reg,Detchd,110000
6240,4,5,1208,1,2,2,Normal,Reg,Detchd,103000
5389,8,5,1616,2,2,2,Normal,IR1,Attchd,236500
9590,7,5,1146,2,3,2,Normal,IR1,Attchd,187500
11404,7,5,2031,2,3,2,Normal,IR1,Attchd,222500
10000,5,6,1144,1,3,1,Normal,Reg,Attchd,131400
8978,5,5,948,1,3,1,Family,IR1,Attchd,108000
10800,7,7,1768,1,2,2,Normal,Reg,Detchd,163000
8544,3,4,1040,2,2,2,Normal,Reg,Detchd,93500
10463,8,5,1801,2,3,3,Normal,IR1,Attchd,239900
10800,5,5,1200,3,3,0,Alloca,Reg,NA,179000
9313,7,5,1728,2,3,2,Normal,IR1,Attchd,190000
9600,5,7,1432,2,2,2,Abnorml,Reg,Detchd,132000
6768,6,8,912,1,3,1,Normal,IR1,Detchd,142000
8450,7,5,1349,2,3,2,Normal,Reg,Attchd,179000
12886,5,6,1464,2,3,2,Normal,IR1,Attchd,175000
5395,8,5,1337,2,2,2,Normal,IR1,Attchd,180000
8963,8,9,2715,3,4,2,Normal,IR1,BuiltIn,299800
8795,7,5,2256,2,4,2,Normal,IR1,BuiltIn,236000
11700,7,7,2640,1,4,4,Normal,IR1,Detchd,265979
10593,7,5,1720,2,3,2,Normal,IR1,Attchd,260400
8405,4,3,1529,2,4,1,Normal,Reg,Detchd,98000
8800,4,7,1140,1,3,0,Normal,Reg,NA,96500
7750,7,5,1320,2,3,2,Normal,Reg,Attchd,162000
9236,6,5,1494,2,3,2,Normal,IR1,Attchd,217000
10240,8,5,2098,2,3,3,Normal,Reg,Attchd,275500
7930,6,8,1026,1,3,2,Normal,Reg,Detchd,156000
3230,6,5,1471,2,3,2,Normal,Reg,Detchd,172500
10769,8,5,1768,2,3,2,Normal,IR1,Attchd,212000
11616,6,5,1386,2,3,2,Abnorml,IR1,Attchd,158900
2280,7,5,1501,2,3,2,Normal,Reg,Detchd,179400
12257,8,5,2531,2,4,3,Normal,IR1,Attchd,290000
9100,6,6,864,1,2,1,Normal,Reg,Detchd,127500
6911,5,5,1301,1,2,2,Normal,Reg,Detchd,100000
8640,7,5,1547,2,3,2,Normal,Reg,Attchd,215200
9430,8,5,2365,2,3,3,Normal,Reg,Attchd,337000
9549,8,5,1494,1,2,2,Normal,IR1,Attchd,270000
14587,9,5,1506,2,2,2,Partial,IR1,Attchd,264132
10421,7,5,1714,2,3,2,Normal,Reg,Attchd,196500
12508,6,7,1750,2,4,1,Normal,IR1,Attchd,160000
9100,7,5,1836,2,3,2,Normal,Reg,Attchd,216837
53504,8,5,3279,3,4,3,Normal,IR2,BuiltIn,538000
7252,5,5,858,1,2,2,Normal,IR1,Detchd,134900
8877,4,5,1220,1,2,2,Normal,Reg,Detchd,102000
7819,6,5,1117,1,3,2,Abnorml,Reg,Detchd,107000
10150,5,5,912,1,2,1,Normal,Reg,Attchd,114500
14226,8,5,1973,2,3,3,Partial,Reg,Attchd,395000
4500,6,5,1204,2,2,2,Normal,Reg,Attchd,162000
11210,7,5,1614,2,3,3,Partial,IR1,Attchd,221500
13350,5,5,894,1,3,2,Normal,IR1,Attchd,142500
8400,5,5,2020,2,4,2,Normal,Reg,Detchd,144000
10530,6,5,1004,1,2,2,Normal,Reg,Attchd,135000
7875,7,5,1253,2,3,2,Normal,Reg,Attchd,176000
7153,6,5,1603,2,3,2,Normal,Reg,Attchd,175900
16285,7,5,1430,2,3,2,Normal,IR2,Attchd,187100
9101,5,6,1110,1,1,2,Normal,IR1,Attchd,165500
6300,6,6,1484,2,3,0,Normal,Reg,NA,128000
9790,6,5,1342,2,3,2,Normal,Reg,Attchd,161500
10800,5,6,1652,2,4,1,Normal,Reg,Detchd,139000
10142,7,5,2084,2,4,2,Normal,IR1,BuiltIn,233000
6000,4,7,901,1,2,1,Normal,Reg,Detchd,107900
12205,6,8,2087,2,5,2,Normal,IR1,Attchd,187500
3182,7,5,1145,2,2,2,Normal,Reg,Attchd,160200
11333,6,5,1062,1,3,2,Normal,IR1,Attchd,146800
9920,7,5,2013,2,3,2,Normal,IR1,Attchd,269790
9158,8,5,1496,2,3,2,Partial,Reg,Attchd,225000
10832,7,5,1895,2,3,2,Normal,IR1,Attchd,194500
8400,6,6,1564,2,3,2,Normal,Reg,Attchd,171000
8197,6,5,1285,1,3,2,Normal,Reg,Attchd,143500
7677,5,5,773,1,2,1,Abnorml,Reg,Attchd,110000
13518,9,5,3140,3,4,3,Partial,Reg,BuiltIn,485000
7200,5,7,1768,1,3,1,Normal,Reg,Detchd,175000
12798,6,5,1688,2,4,2,Normal,IR1,Attchd,200000
4800,4,7,1196,1,2,2,Normal,Reg,Detchd,109900
8199,7,5,1456,2,3,2,Normal,Reg,Attchd,189000
13891,9,5,2822,3,4,3,Partial,Reg,BuiltIn,582933
9000,5,5,1128,1,2,1,Family,Reg,Attchd,118000
12274,7,5,1428,2,3,2,Partial,IR1,Attchd,227680
9750,5,5,980,2,3,1,Normal,Reg,Attchd,135500
21384,5,6,1576,1,3,2,Normal,Reg,Attchd,223500
13400,5,5,1086,1,3,2,Normal,Reg,Attchd,159950
8100,5,5,2138,2,2,2,Normal,Reg,Detchd,106000
10140,6,6,1309,1,3,2,Normal,Reg,Attchd,181000
4438,6,5,848,1,1,2,Normal,Reg,Attchd,144500
8712,5,5,1044,1,2,2,Alloca,Reg,Basment,55993
9750,6,6,1442,1,4,1,Normal,Reg,Attchd,157900
8248,5,7,1250,1,3,1,Normal,Reg,Detchd,116000
12137,7,5,1661,2,3,2,Normal,IR2,Attchd,224900
11425,5,6,1008,1,2,1,Normal,IR1,Attchd,137000
13265,8,5,1689,2,3,3,Normal,IR1,Attchd,271000
8816,6,7,1052,1,3,2,Normal,Reg,Attchd,155000
6371,7,5,1358,2,2,2,Partial,IR1,Attchd,224000
7226,7,5,1640,2,3,2,Normal,IR1,Attchd,183000
6000,4,4,936,1,2,2,Normal,Reg,Detchd,93000
12394,7,5,1733,2,3,2,Family,IR1,BuiltIn,225000
9900,6,7,1489,2,3,1,Normal,Reg,Detchd,139500
11216,8,5,1489,2,3,2,Partial,Reg,Attchd,232600
14803,10,5,2084,2,2,3,Partial,Reg,Attchd,385000
6130,5,6,784,1,2,0,Normal,Reg,NA,109500
8529,7,5,1434,2,3,2,Normal,IR1,Attchd,189000
28698,5,5,2126,2,3,2,Abnorml,IR2,Attchd,185000
2544,7,5,1223,2,2,2,Normal,Reg,Detchd,147400
11900,6,5,1392,1,3,2,Normal,IR1,Attchd,166000
3180,7,5,1200,2,2,2,Normal,Reg,Detchd,151000
9548,7,6,1829,2,3,2,Normal,IR1,Attchd,237000
10004,6,6,1516,1,3,2,Normal,Reg,Attchd,167000
7875,5,6,1144,1,3,2,Normal,Reg,Attchd,139950
9600,4,7,1067,2,2,2,Normal,Reg,Attchd,128000
8100,5,6,1559,1,2,2,Normal,Reg,Detchd,153500
1680,6,5,987,1,2,1,Normal,Reg,Detchd,100000
9525,5,6,1099,1,3,1,Normal,Reg,Attchd,144000
11767,5,6,1200,1,3,1,Normal,Reg,Detchd,130500
12155,6,8,1482,2,4,1,Normal,IR1,Detchd,140000
10440,5,8,1539,2,3,2,Normal,Reg,Detchd,157500
9020,6,7,1165,1,3,2,Normal,Reg,Attchd,174900
8000,5,4,1800,2,6,0,Normal,Reg,NA,141000
12665,5,8,1416,1,4,3,Normal,IR1,Detchd,153900
16647,5,5,1701,2,3,2,Normal,IR1,Basment,171000
9317,7,5,1775,2,3,2,Normal,Reg,Attchd,213000
15523,5,6,864,1,3,1,Normal,IR1,Attchd,133500
45600,6,8,2358,3,5,2,Normal,IR2,Detchd,240000
9600,6,7,1855,2,3,2,Normal,Reg,Attchd,187000
4435,6,5,848,1,1,2,Normal,Reg,Attchd,131500
3196,8,5,1456,2,2,2,Normal,Reg,Attchd,215000
7128,7,5,1646,2,4,1,Normal,Reg,Detchd,164000
12095,6,6,1445,1,3,2,Normal,IR1,Attchd,158000
17920,5,4,1779,1,3,2,Abnorml,Reg,Attchd,170000
6897,5,8,1040,1,3,1,Normal,IR1,Detchd,127000
10970,6,6,1026,1,3,2,Normal,IR1,Detchd,147000
8125,6,5,1481,2,3,2,Normal,Reg,Attchd,174000
10400,7,5,1370,2,3,2,Family,Reg,Attchd,152000
11029,6,7,2654,2,4,2,Normal,IR1,Attchd,250000
7642,7,8,1426,1,3,1,Normal,Reg,Detchd,189950
11625,5,4,1039,1,3,2,Normal,Reg,Attchd,131500
9672,6,5,1097,2,3,2,Normal,Reg,Attchd,152000
7931,5,5,1148,1,3,1,Normal,Reg,Attchd,132500
8640,7,5,1372,2,3,2,Partial,Reg,Attchd,250580
8750,5,6,1002,1,3,2,Normal,IR1,Detchd,148500
10656,8,5,1646,2,3,3,Partial,IR1,Attchd,248900
6970,4,5,1120,1,3,2,Normal,Reg,Attchd,129000
14762,5,6,2320,2,2,2,Normal,IR2,Attchd,169000
9938,7,5,1949,2,3,2,Normal,Reg,Attchd,236000
6600,5,5,894,1,2,1,Normal,Reg,Detchd,109500
8750,6,5,1682,2,3,2,Normal,Reg,Attchd,200500
8892,5,7,910,1,3,2,Normal,Reg,Attchd,116000
12144,5,7,1268,1,3,1,Normal,Reg,Attchd,133000
5720,5,6,1131,1,3,1,Abnorml,Reg,Detchd,66500
9000,8,5,2610,2,4,2,Partial,Reg,BuiltIn,303477
25286,4,5,1040,1,3,2,Normal,Reg,Attchd,132250
8834,9,5,2224,2,4,3,Normal,Reg,Attchd,350000
11782,5,7,1155,1,3,2,Normal,IR1,Detchd,148000
7000,5,8,864,1,3,1,Normal,IR1,Attchd,136500
7024,5,5,1090,1,2,2,Normal,Reg,Attchd,157000
13758,7,5,1717,2,3,2,Normal,IR1,Attchd,187500
9636,6,5,1593,2,3,2,Normal,IR1,BuiltIn,178000
6204,4,5,2230,1,5,1,Normal,Reg,Detchd,118500
7150,5,5,892,1,3,1,Normal,Reg,Attchd,100000
5119,9,5,1709,2,2,2,Abnorml,IR1,Attchd,328900
8393,5,5,1712,2,4,2,Family,Reg,Attchd,145000
16466,5,7,1393,1,3,1,Normal,IR1,Attchd,135500
15865,8,6,2217,2,4,2,Normal,IR1,Attchd,268000
12160,6,4,1505,1,2,2,Normal,Reg,Attchd,149500
8064,5,7,924,1,3,2,Normal,Reg,Detchd,122900
11184,6,5,1683,2,3,2,Normal,Reg,Attchd,172500
8414,6,8,1068,1,3,1,Normal,Reg,Attchd,154500
13284,5,5,1383,1,3,1,Normal,Reg,Attchd,165000
7018,5,5,1535,2,4,2,Alloca,Reg,Attchd,118858
7056,6,5,1796,1,4,2,Normal,Reg,Attchd,140000
8765,4,6,951,1,2,1,Abnorml,Reg,Detchd,106500
7018,5,5,2240,2,6,2,Alloca,Reg,Detchd,142953
12919,9,5,2364,2,2,3,Partial,IR1,Attchd,611657
6993,5,7,1236,1,3,1,Normal,Reg,Attchd,135000
7340,4,6,858,1,2,1,Normal,IR1,Detchd,110000
8712,5,7,1306,1,2,1,Normal,IR1,Detchd,153000
7875,7,5,1509,2,3,2,Normal,Reg,Attchd,180000
14859,7,5,1670,2,3,3,Partial,IR1,Attchd,240000
6173,5,6,902,1,3,1,Normal,IR1,Attchd,125500
9920,5,5,1063,1,3,1,Normal,Reg,Attchd,128000
13501,8,5,1636,2,3,3,Normal,IR1,Attchd,255000
11500,7,7,2057,1,3,1,Normal,IR1,Attchd,250000
8885,5,5,902,1,2,2,Normal,IR1,Attchd,131000
12589,6,5,1484,2,3,2,Normal,IR2,Attchd,174000
11600,5,5,2274,2,5,2,Normal,Reg,Detchd,154300
9286,5,7,1268,1,3,1,Normal,IR1,Detchd,143500
6120,5,7,1015,1,3,1,Abnorml,Reg,Detchd,88000
6270,5,6,2002,2,4,3,Normal,Reg,2Types,145000
3000,6,5,1224,2,2,2,Partial,Reg,Detchd,173733
2001,4,5,1092,1,3,1,Normal,Reg,Attchd,75000
9000,2,3,480,0,1,1,Abnorml,Reg,Detchd,35311
17140,4,6,1229,1,3,1,Normal,Reg,Attchd,135000
13125,7,5,2127,2,4,3,Normal,IR1,Attchd,238000
11029,6,8,1414,1,3,2,Normal,IR1,Attchd,176500
8462,6,5,1721,2,3,2,Normal,IR1,Attchd,201000
8777,5,7,2200,2,4,0,Normal,Reg,NA,145900
10237,6,5,1316,2,3,2,Partial,Reg,Attchd,169990
8012,6,5,1617,2,2,2,Normal,Reg,Attchd,193000
10240,6,6,1686,2,3,2,Normal,Reg,Attchd,207500
15611,5,6,1126,2,3,2,Abnorml,IR1,Attchd,175000
11999,8,5,2374,2,4,3,Normal,Reg,BuiltIn,285000
9900,7,5,1978,2,4,2,Normal,Reg,Attchd,176000
11838,8,5,1788,2,3,2,Normal,Reg,Attchd,236500
13006,7,5,2236,2,4,2,Normal,IR1,BuiltIn,222000
8925,8,5,1466,2,3,3,Normal,IR1,Attchd,201000
9100,5,6,925,1,2,1,Normal,Reg,Detchd,117500
11670,9,5,1905,2,3,3,Normal,IR1,Attchd,320000
8487,7,5,1500,2,3,2,Normal,Reg,Attchd,190000
27650,7,7,2069,2,4,2,Normal,IR2,Attchd,242000
5825,4,5,747,1,1,2,Normal,IR1,Detchd,79900
10083,7,5,1200,2,2,2,Normal,Reg,Attchd,184900
9675,7,5,1971,2,3,2,Normal,Reg,Attchd,253000
8760,7,5,1962,2,3,3,Partial,Reg,Attchd,239799
24090,7,7,2403,2,4,1,Normal,Reg,Attchd,244400
12640,6,5,1728,2,4,2,Normal,IR1,Attchd,150900
8755,7,5,2060,2,3,2,Normal,IR1,BuiltIn,214000
7711,4,3,1440,2,4,0,Abnorml,IR1,NA,150000
25000,5,4,1632,2,4,2,Normal,Reg,Attchd,143000
14375,6,6,1344,1,3,2,Abnorml,IR1,Basment,137500
8820,5,6,1869,1,2,2,Normal,Reg,Detchd,124900
8163,5,6,1144,1,3,1,Normal,Reg,Attchd,143000
14536,8,5,1629,2,3,3,Normal,Reg,Attchd,270000
14006,7,5,1776,2,3,2,Normal,IR1,Attchd,192500
9360,6,7,1381,1,3,2,Normal,Reg,Attchd,197500
7200,5,8,864,1,3,2,Normal,Reg,Detchd,129000
7800,5,5,965,1,3,1,Abnorml,Reg,Detchd,119900
7200,5,8,768,1,2,1,Normal,Reg,Detchd,133900
11075,5,4,1968,2,4,2,Normal,IR1,Attchd,172000
9400,6,5,980,2,4,0,AdjLand,IR1,NA,127500
7136,6,6,1958,2,4,2,Normal,IR1,Attchd,145000
1300,6,6,1229,1,2,2,Normal,Reg,Attchd,124000
7420,5,5,1057,1,3,2,Normal,Reg,Detchd,132000
8450,7,5,1337,2,3,2,Normal,Reg,Attchd,185000
2572,7,5,1416,2,3,2,Normal,Reg,Detchd,155000
7207,5,7,858,1,2,0,Normal,IR1,NA,116500
12227,6,7,2872,2,4,2,Normal,IR1,Attchd,272000
2308,6,6,1548,2,3,2,Normal,Reg,Detchd,155000
11923,9,5,1800,2,2,2,Normal,IR1,Attchd,239000
11316,7,5,1894,2,4,2,Normal,Reg,BuiltIn,214900
10237,6,5,1484,2,3,2,Partial,Reg,Attchd,178900
9600,5,7,1308,1,2,1,Normal,IR1,Detchd,160000
7390,5,7,1098,1,3,1,Normal,IR1,Attchd,135000
5925,3,6,968,1,2,0,Abnorml,Reg,NA,37900
10382,6,5,1095,1,2,1,Normal,Reg,Attchd,140000
10800,4,4,1192,1,4,0,Abnorml,Reg,NA,135000
2268,7,5,1626,2,2,2,Normal,Reg,BuiltIn,173000
7892,6,5,918,2,2,1,Normal,Reg,Attchd,99500
11639,7,5,1428,2,3,2,Partial,Reg,Attchd,182000
11414,7,8,2019,1,3,2,Normal,IR1,Detchd,167500
2651,7,5,1382,2,3,2,Normal,Reg,Detchd,165000
5900,4,7,869,1,2,0,Normal,IR1,NA,85500
4274,7,5,1241,1,1,2,Partial,IR1,Attchd,199900
9450,4,5,894,1,3,2,Abnorml,Reg,Detchd,110000
8816,5,6,1121,1,3,2,Normal,Reg,Detchd,139000
12122,7,9,999,1,3,2,Normal,IR1,Attchd,178400
12203,8,5,2612,2,4,3,Normal,IR1,Attchd,336000
3182,7,5,1266,2,2,2,Normal,Reg,Attchd,159895
11250,8,5,2290,2,4,2,Normal,Reg,Attchd,255900
10125,5,5,1734,2,4,2,Normal,Reg,Attchd,126000
10880,5,5,1164,1,3,1,Normal,Reg,Detchd,125000
5310,6,8,1635,1,2,1,Normal,Reg,Attchd,117000
10159,9,5,1940,2,3,3,Partial,IR1,Attchd,395192
12046,6,6,2030,2,4,2,Normal,IR1,Attchd,195000
8125,7,5,1576,2,3,2,Partial,Reg,Attchd,197000
9452,8,5,2392,2,3,3,Normal,Reg,Attchd,348000
17671,8,9,1742,1,4,2,Normal,Reg,Attchd,168000
9760,6,8,1851,2,3,2,Normal,Reg,Attchd,187000
8846,6,5,1500,2,3,2,Partial,Reg,Attchd,173900
12456,10,5,1718,2,3,3,Normal,Reg,Attchd,337500
4712,4,7,1230,1,3,1,Abnorml,IR1,Detchd,121600
10659,5,6,1050,1,3,1,Normal,IR1,Attchd,136500
11717,6,6,1442,2,2,2,Normal,IR1,Attchd,185000
9786,3,4,1077,1,3,1,Normal,Reg,Detchd,91000
6762,7,5,1208,2,2,2,Normal,Reg,Attchd,206000
10206,3,3,944,1,2,2,Normal,Reg,Detchd,82000
5400,5,6,691,1,2,1,Abnorml,Reg,Detchd,86000
11957,8,5,1574,2,3,3,Normal,IR1,Attchd,232000
11500,5,6,1680,2,4,2,Normal,IR1,Detchd,136905
3182,7,5,1504,2,1,2,Normal,Reg,Attchd,181000
8385,5,8,985,2,3,1,Normal,Reg,Attchd,149900
12155,6,3,1657,2,3,2,Normal,IR3,Attchd,163500
2217,4,4,1092,1,3,1,Normal,Reg,Attchd,88000
12118,7,5,1710,2,3,2,Normal,IR1,Attchd,240000
6000,5,5,1522,2,4,0,Normal,Reg,NA,102000
21286,5,5,1271,2,4,1,Normal,Reg,Attchd,135000
9825,5,5,1664,2,4,0,Normal,Reg,NA,100000
10592,6,7,1502,1,3,1,Normal,Reg,Detchd,165000
7200,5,4,1022,1,2,1,Normal,Reg,Detchd,85000
11664,6,5,1082,1,2,1,Normal,Reg,Detchd,119200
8400,8,6,1665,2,3,2,Normal,Reg,Attchd,227000
11883,7,5,1504,2,3,2,Normal,Reg,Attchd,203000
5814,8,5,1360,1,1,2,Abnorml,IR1,Attchd,187500
10784,7,5,1472,2,3,2,Normal,IR1,Attchd,160000
3013,7,5,1506,2,2,2,Normal,Reg,Attchd,213490
7024,4,5,1132,1,2,2,Normal,Reg,Attchd,176000
7406,7,5,1220,2,2,2,Partial,Reg,Attchd,194000
9439,5,5,1248,1,2,1,Normal,Reg,Detchd,87000
3182,7,5,1504,2,2,2,Normal,Reg,Attchd,191000
15498,8,6,2898,2,2,2,Abnorml,IR1,Attchd,287000
7700,5,5,882,1,3,2,Normal,Reg,Detchd,112500
9300,5,5,1264,1,3,2,Normal,Reg,Attchd,167500
9520,8,5,1646,2,3,3,Partial,IR1,Attchd,293077
9492,5,5,1376,1,3,1,Normal,Reg,Attchd,105000
1680,6,7,1218,1,3,1,Normal,Reg,Detchd,118000
7082,5,8,1928,2,5,0,Normal,Reg,NA,160000
15863,7,3,3082,2,5,2,Normal,Reg,Basment,197000
14541,8,7,2520,2,5,3,Abnorml,IR1,Attchd,310000
8125,7,5,1654,2,3,3,Normal,Reg,Attchd,230000
6305,5,7,954,1,2,1,Normal,Reg,Basment,119750
11500,4,3,845,1,3,1,Normal,IR1,Detchd,84000
12898,9,5,1620,2,2,3,Normal,IR1,Attchd,315500
9240,8,5,2263,2,3,2,Normal,Reg,BuiltIn,287000
1533,4,6,1344,1,3,0,Normal,Reg,NA,97000
1477,4,4,630,1,1,1,Normal,Reg,Attchd,80000
13125,5,4,1803,2,3,2,Normal,Reg,Attchd,155000
9130,6,8,1632,1,4,2,Normal,Reg,Attchd,173000
5381,6,5,1306,2,1,2,Normal,IR1,Attchd,196000
11839,7,5,2329,2,4,2,Normal,Reg,Attchd,262280
9600,8,5,2524,2,4,2,Normal,Reg,Attchd,278000
13680,3,5,1733,2,4,2,Normal,IR1,Attchd,139600
16056,9,5,2868,3,4,3,Partial,IR1,BuiltIn,556581
9245,5,5,990,1,3,2,Normal,IR2,Detchd,145000
21750,5,4,1771,1,3,2,Normal,Reg,Attchd,115000
11100,4,7,930,1,2,1,Abnorml,Reg,Detchd,84900
8993,7,5,1302,2,3,2,Partial,IR1,Attchd,176485
11175,7,5,1316,2,3,2,Partial,IR1,Attchd,200141
9500,6,6,1977,1,4,2,Normal,Reg,Attchd,165000
8562,5,6,1526,1,4,1,Normal,Reg,Basment,144500
11367,8,5,1989,2,3,2,Normal,Reg,Attchd,255000
11361,6,5,1523,2,3,2,Abnorml,Reg,Attchd,180000
7052,7,5,1364,2,2,2,Normal,IR1,Attchd,185850
29959,7,6,1850,2,3,2,Normal,IR2,BuiltIn,248000
11308,9,5,2184,2,3,3,Normal,IR1,Attchd,335000
11275,6,7,1991,1,3,2,Normal,IR1,Detchd,220000
4920,8,5,1338,2,2,2,Normal,Reg,Attchd,213500
18000,3,4,894,1,2,3,Normal,Reg,Detchd,81000
13600,5,5,2337,2,5,2,Normal,Reg,Detchd,90000
6000,6,6,1103,1,2,2,Normal,Reg,Detchd,110500
11000,5,6,1154,1,3,2,Normal,IR1,Attchd,154000
14000,7,5,2260,2,3,2,Normal,Reg,Attchd,328000
7837,6,7,1571,2,3,2,Normal,IR1,Attchd,178000
9760,6,6,1611,1,4,2,Normal,Reg,Attchd,167900
3964,6,4,2521,2,5,2,Normal,Reg,Attchd,151400
9600,5,7,893,1,2,2,Normal,Reg,Detchd,135000
10152,5,5,1048,1,3,1,Normal,Reg,Attchd,135000
11700,6,6,1556,1,4,2,Normal,Reg,Attchd,154000
7585,5,3,1456,1,4,1,Normal,Reg,Detchd,91500
7950,6,6,1426,1,3,2,Normal,IR1,Attchd,159500
8556,7,5,1240,2,2,3,Normal,Reg,Attchd,194000
13125,7,6,1740,1,3,1,Normal,Reg,Attchd,219500
10800,5,8,1466,2,3,2,Normal,Reg,Attchd,170000
15870,5,5,1096,1,3,1,Abnorml,IR1,Attchd,138800
4435,6,5,848,1,1,2,Normal,Reg,Attchd,155900
8775,5,5,990,1,3,1,Normal,Reg,Attchd,126000
11040,6,7,1258,2,3,2,Abnorml,Reg,Attchd,145000
7500,5,5,1040,1,3,1,Normal,Reg,Attchd,133000
8749,7,5,1459,2,3,2,Normal,Reg,Attchd,192000
8800,6,6,1251,1,3,1,Normal,Reg,Attchd,160000
13031,6,5,1498,2,3,2,Normal,IR2,Attchd,187500
9069,6,6,996,1,2,2,Normal,Reg,Attchd,147000
1974,4,5,1092,1,3,1,Normal,Reg,Attchd,83500
10574,8,5,1953,2,3,3,Normal,Reg,Attchd,252000
2522,7,5,1709,2,3,2,Normal,Reg,Detchd,137500
3316,8,5,1247,1,1,2,Normal,IR1,Attchd,197000
8544,3,4,1040,2,2,2,Normal,Reg,Detchd,92900
2160,7,5,1252,2,2,2,Normal,Reg,Detchd,160000
8400,6,5,1694,2,4,2,Normal,Reg,Detchd,136500
9230,5,8,1200,1,1,2,Normal,Reg,Detchd,146000
5868,5,7,936,1,2,1,Normal,Reg,Attchd,129000
9317,6,5,1314,2,3,2,Normal,IR1,Attchd,176432
6882,6,7,1355,1,3,0,Normal,Reg,NA,127000
3696,8,5,1088,1,2,2,Normal,Reg,Attchd,170000
6000,4,6,1324,1,3,1,Normal,Reg,Detchd,128000
11880,7,5,1601,2,3,2,Abnorml,IR1,Attchd,157000
8400,2,5,438,1,1,1,Normal,Reg,Detchd,60000
9758,5,5,950,1,3,1,Normal,IR1,Detchd,119500
7000,5,7,1134,1,2,1,Family,Reg,Attchd,135000
8910,6,6,1194,1,3,2,Normal,Reg,BuiltIn,159500
2016,5,5,1302,2,3,2,Normal,Reg,Detchd,106000
12256,8,5,2622,2,3,2,Normal,IR1,Attchd,325000
10357,7,5,1442,2,3,2,Normal,IR1,Attchd,179900
23257,7,5,2021,2,3,2,Partial,IR3,BuiltIn,274725
8063,6,5,1690,2,3,2,Abnorml,Reg,Attchd,181000
11362,8,5,1836,2,3,3,Normal,IR1,Attchd,280000
8000,6,5,1658,2,3,2,Normal,Reg,Attchd,188000
10480,7,6,1964,2,4,2,Normal,Reg,Attchd,205000
7100,5,7,816,1,2,1,Normal,IR1,Detchd,129900
8923,5,7,1008,1,2,1,Normal,Reg,Attchd,134500
5400,5,7,833,1,2,1,Normal,Reg,Detchd,117000
12085,8,5,1734,2,3,3,Partial,Reg,Attchd,318000
7750,8,5,1419,2,3,2,Normal,Reg,BuiltIn,184100
9764,5,7,894,1,3,2,Normal,IR1,Attchd,130000
13825,5,6,1601,1,3,1,Normal,Reg,BuiltIn,140000
7560,5,5,1040,1,3,1,Normal,Reg,Attchd,133700
8263,6,5,1012,1,2,1,Normal,Reg,Detchd,118400
10084,7,5,1552,2,3,3,Partial,Reg,Attchd,212900
8926,4,3,960,1,3,1,Abnorml,IR1,Basment,112000
9405,5,9,698,1,2,0,Normal,Reg,NA,118000
9125,7,5,1482,2,3,2,Normal,IR1,Attchd,163900
10434,4,5,1005,1,2,2,Normal,Reg,Detchd,115000
3684,7,5,1555,2,2,3,Normal,Reg,Attchd,174000
14572,7,5,1530,2,3,3,Family,IR3,Attchd,259000
11796,7,5,1959,2,4,2,Normal,IR1,BuiltIn,215000
7200,5,5,936,1,2,2,Normal,Reg,Detchd,140000
7804,4,3,1981,2,4,2,Normal,Reg,Detchd,135000
10712,5,5,974,1,3,0,Abnorml,Reg,NA,93500
9900,6,4,2210,2,5,1,Normal,Reg,Detchd,117500
9828,8,5,2020,2,3,2,Normal,IR1,Attchd,239500
8773,6,5,1600,2,3,2,Normal,IR1,Attchd,169000
6180,6,5,986,1,2,1,Normal,Reg,Detchd,102000
9600,6,5,1252,1,3,1,Abnorml,Reg,Attchd,119000
6342,5,8,1020,1,2,0,Normal,Reg,NA,94000
9819,6,5,1567,2,2,2,Normal,IR1,Attchd,196000
8731,5,5,1167,1,3,2,Normal,IR1,Detchd,144000
7350,5,7,952,1,2,2,Abnorml,Reg,Detchd,139000
10304,5,7,1868,2,4,2,Normal,IR1,Attchd,197500
9965,8,5,2828,3,4,3,Partial,Reg,BuiltIn,424870
9000,5,3,1006,1,3,0,Normal,Reg,NA,80000
12180,4,4,924,1,2,1,Normal,Reg,Detchd,80000
6240,5,6,1576,1,3,1,Family,Reg,Detchd,149000
11200,6,5,1298,2,3,2,Normal,Reg,Attchd,180000
12000,7,7,1564,1,3,1,Normal,Reg,Attchd,174500
5700,7,7,1111,1,2,1,Normal,Reg,Detchd,116900
9000,7,9,1482,1,3,2,Normal,Reg,Detchd,143000
8280,6,5,932,1,2,1,Normal,IR1,Attchd,124000
17755,5,4,1466,1,3,2,Normal,Reg,Attchd,149900
14115,6,7,1811,1,2,2,Abnorml,IR1,Attchd,230000
5890,6,8,816,1,2,1,Normal,Reg,Detchd,120500
13700,7,6,1820,1,4,2,Normal,IR1,Attchd,201800
10768,5,8,1437,2,3,2,Normal,IR1,Attchd,218000
9350,5,8,1265,2,3,2,Normal,Reg,Attchd,179900
5001,7,5,1314,2,2,2,Normal,IR1,Attchd,230000
11932,8,5,1580,2,3,3,Partial,Reg,Attchd,235128
9120,6,6,1876,2,4,2,Normal,Reg,Attchd,185000
2280,6,5,1456,2,3,2,Normal,Reg,Attchd,146000
14778,6,7,1640,1,3,2,Normal,IR1,Detchd,224000
8724,5,5,894,1,3,2,Normal,Reg,Attchd,129000
12900,4,4,1258,0,0,2,Alloca,Reg,CarPort,108959
16157,5,7,1432,1,2,2,Normal,IR1,Attchd,194000
9541,7,5,1502,2,3,2,Partial,IR1,Attchd,233170
10475,8,5,1694,2,3,3,Normal,IR1,Attchd,245350
10852,6,5,1671,2,3,2,Normal,IR1,Attchd,173000
13728,6,7,2108,2,4,2,Normal,Reg,Basment,235000
35760,10,5,3627,3,4,3,Normal,IR1,Attchd,625000
9880,6,6,1118,1,3,1,Normal,Reg,Attchd,171000
9120,6,6,1261,1,3,2,Normal,Reg,Attchd,163000
4017,7,5,1250,2,2,2,Normal,IR1,Detchd,171900
18030,5,6,3086,3,3,0,Normal,IR1,NA,200500
16560,6,8,2345,2,4,2,Normal,IR1,Detchd,239000
10678,8,5,2872,2,4,2,Normal,Reg,Attchd,285000
6951,5,5,923,1,3,1,Normal,IR1,Attchd,119500
3950,6,8,1224,1,3,1,Normal,Reg,Detchd,115000
7681,5,6,1343,1,3,1,Normal,IR1,Detchd,154900
8335,5,5,1124,1,3,0,Normal,Reg,NA,93000
11170,7,5,2514,2,4,2,Normal,IR2,Attchd,250000
5587,8,5,1652,2,2,2,Partial,IR1,Attchd,392500
15623,10,5,4476,3,4,3,Abnorml,IR1,Attchd,745000
10800,5,6,1130,1,2,2,Normal,Reg,Detchd,120000
35133,5,4,1572,1,3,3,Normal,Reg,2Types,186700
9738,5,7,1221,1,4,1,Normal,Reg,Attchd,104900
10615,3,5,1699,2,3,2,Abnorml,IR1,CarPort,95000
12461,8,5,1624,2,2,3,Normal,Reg,Attchd,262000
8935,7,5,1660,2,3,2,Normal,IR1,Attchd,195000
7500,7,5,1804,2,3,2,Normal,Reg,Attchd,189000
32463,4,4,1622,1,3,4,Normal,Reg,2Types,168000
2645,8,5,1441,2,2,2,Normal,Reg,Detchd,174000
9600,5,8,1472,1,3,1,Normal,Reg,Detchd,125000
4500,6,5,1224,2,2,2,Normal,Reg,Attchd,165000
9364,6,7,1352,1,4,1,Normal,Reg,Attchd,158000
8029,6,5,1456,2,3,2,Normal,IR1,Attchd,176000
14054,7,5,1863,2,4,3,Partial,IR1,BuiltIn,219210
8850,7,6,1690,1,3,1,Normal,IR1,Detchd,144000
9100,7,5,1212,2,3,2,Normal,Reg,Attchd,178000
11235,4,5,1382,1,3,2,Normal,Reg,Attchd,148000
9353,4,5,864,1,3,1,Abnorml,Reg,Attchd,116050
10400,7,5,1779,2,3,2,Normal,Reg,Attchd,197900
6000,5,8,1348,1,3,1,Normal,Reg,Detchd,117000
9750,7,5,1630,2,3,2,Normal,Reg,Attchd,213000
10140,5,6,1074,1,3,2,Normal,Reg,Attchd,153500
14684,7,7,2196,2,3,3,Normal,IR1,Attchd,271900
8900,4,4,1056,1,2,1,Normal,Reg,Detchd,107000
9135,6,5,1700,2,3,2,Normal,Reg,Attchd,200000
7763,5,7,1283,1,3,2,Normal,Reg,Detchd,140000
10182,8,5,1660,2,3,2,Partial,IR1,Attchd,290000
11218,6,5,1845,2,3,2,Normal,Reg,Attchd,189000
12134,8,7,1752,2,4,2,Normal,IR1,Basment,164000
9340,4,6,672,1,2,1,Normal,Reg,Attchd,113000
10246,4,9,960,0,0,1,Normal,IR1,Attchd,145000
10205,5,5,999,1,3,1,Normal,IR1,Attchd,134500
7094,5,5,894,1,3,1,Normal,IR1,Detchd,125000
8930,6,5,1902,2,4,2,Normal,Reg,Attchd,112000
8640,8,5,1314,2,3,2,Partial,Reg,Attchd,229456
6240,4,5,912,1,2,0,Normal,Reg,NA,80500
1680,6,5,1218,1,3,0,Abnorml,Reg,NA,91500
7800,5,5,912,1,2,1,Abnorml,IR1,Attchd,115000
8250,5,5,1211,1,3,1,Normal,Reg,Attchd,134000
10496,6,6,1846,2,3,1,Normal,Reg,Attchd,143000
10680,5,3,2136,2,4,2,Normal,Reg,Detchd,137900
15384,7,5,1490,2,3,2,Normal,IR1,Attchd,184000
10482,6,8,1138,1,3,1,Normal,Reg,Attchd,145000
14598,6,5,1933,2,4,3,Normal,IR1,BuiltIn,214000
8872,5,8,912,1,2,2,Normal,Reg,Detchd,147000
8769,9,5,1702,1,1,3,Partial,Reg,Attchd,367294
7910,5,5,1507,2,4,1,Normal,Reg,Basment,127000
18890,5,5,2620,2,4,2,Normal,IR1,BuiltIn,190000
7728,5,6,1190,1,3,2,Normal,Reg,Attchd,132500
9842,4,5,1224,2,2,2,Normal,Reg,CarPort,101800
12160,5,5,1188,1,3,2,Abnorml,IR1,Attchd,142000
8525,5,6,1964,1,4,0,Abnorml,Reg,NA,130000
13132,5,5,1784,1,4,1,Normal,Reg,Detchd,138887
2628,7,5,1626,2,2,2,Normal,Reg,BuiltIn,175500
12393,7,5,1948,2,4,2,Normal,IR2,BuiltIn,195000
13072,6,5,1141,1,3,2,Abnorml,Reg,Detchd,142500
9037,8,5,1484,2,2,2,Normal,IR1,Attchd,265900
8158,7,5,1768,2,3,2,Normal,Reg,Attchd,224900
9849,7,6,1689,2,3,3,Partial,Reg,Attchd,248328
10625,7,6,1173,2,3,2,Family,Reg,Attchd,170000
13891,10,5,2076,2,2,3,Partial,Reg,Attchd,465000
11435,8,7,1517,1,3,2,Normal,IR1,Detchd,230000
12090,6,7,1868,3,3,2,Abnorml,Reg,BuiltIn,178000
8125,7,5,1553,2,3,2,Partial,Reg,Attchd,186500
12328,6,5,1034,1,3,3,Normal,IR1,Attchd,169900
9600,6,5,2058,1,3,2,Normal,Reg,Detchd,129500
7200,5,7,988,1,3,1,Normal,Reg,Attchd,119000
11160,7,5,2110,2,3,2,Normal,Reg,Attchd,244000
3136,7,5,1405,2,2,2,Normal,IR1,Attchd,171750
9858,5,6,874,1,3,1,Normal,Reg,Attchd,130000
17542,7,7,2167,2,3,2,Normal,IR1,Attchd,294000
6931,7,5,1656,2,3,2,Normal,Reg,BuiltIn,165400
6240,6,6,1367,1,3,1,Normal,Reg,Detchd,127500
14303,8,5,1987,2,2,2,Normal,IR1,Attchd,301500
4060,5,8,864,1,2,0,Normal,Reg,NA,99900
9587,7,5,1166,2,2,2,Normal,IR1,Attchd,190000
9750,6,8,1054,1,3,2,Normal,Reg,Attchd,151000
24682,6,5,1675,2,3,2,Normal,IR3,BuiltIn,181000
9600,5,6,1050,1,2,1,Normal,Reg,Attchd,128900
11250,4,5,1788,1,5,1,Normal,Reg,Attchd,161500
13515,6,6,1824,1,3,2,Normal,Reg,Detchd,180500
4060,6,5,1337,2,2,2,Abnorml,Reg,Attchd,181000
3735,7,5,1452,2,3,2,Normal,Reg,Detchd,183900
10120,7,4,1889,1,4,1,Normal,IR1,Detchd,122000
13214,9,5,2018,2,3,3,Normal,IR1,Attchd,378500
14100,8,9,3447,3,4,3,Normal,IR1,BuiltIn,381000
11344,5,5,1524,1,3,1,Normal,Reg,Attchd,144000
23595,7,6,1524,0,0,2,Normal,Reg,Attchd,260000
9156,6,7,1489,2,3,2,Normal,IR1,Attchd,185750
13526,5,6,935,1,3,1,Normal,IR1,Attchd,137000
11512,6,7,1357,1,2,1,Normal,IR1,Basment,177000
5362,5,6,1250,2,3,2,Normal,Reg,Detchd,139000
11345,5,5,1920,2,4,2,Normal,Reg,Detchd,137000
12936,6,6,1395,1,3,2,Normal,IR1,Attchd,162000
17871,6,5,1724,1,3,2,Normal,IR1,Attchd,197900
9473,8,5,2031,2,3,2,Normal,Reg,Attchd,237000
7500,4,4,1128,1,2,2,Abnorml,Reg,Detchd,68400
9808,7,5,1573,2,3,2,Normal,IR1,Attchd,227000
8049,7,5,1339,2,2,2,Normal,IR1,Attchd,180000
8800,5,7,1040,2,3,2,Normal,IR1,Detchd,150500
9400,6,5,1824,2,4,0,Normal,Reg,NA,139000
9638,6,7,2447,2,4,1,Normal,Reg,Detchd,169000
6000,6,6,1412,1,4,1,Normal,Reg,Detchd,132500
9790,6,5,1328,1,3,2,Normal,Reg,Attchd,143000
36500,5,5,1582,2,4,2,Normal,IR1,Attchd,190000
5664,8,5,1659,2,2,2,Normal,IR1,Attchd,278000
11065,8,5,1970,2,3,3,Partial,IR1,BuiltIn,281000
14112,5,7,1152,1,3,2,Normal,IR1,Attchd,180500
1680,5,7,1302,2,3,1,Normal,Reg,Detchd,119500
6600,5,4,2372,2,4,1,Normal,Reg,Attchd,107500
10140,7,5,1664,2,4,2,Normal,Reg,Attchd,162900
8172,5,7,864,1,2,2,Normal,Reg,Detchd,115000
8400,5,5,1052,1,3,1,Normal,Reg,Attchd,138500
8700,5,6,1128,2,3,2,Normal,Reg,Attchd,155000
3675,6,5,1072,2,2,2,Partial,Reg,Basment,140000
63887,10,5,5642,2,3,2,Partial,IR3,Attchd,160000
7500,5,7,1246,1,3,1,Normal,Reg,Attchd,154000
10762,7,5,1983,2,3,2,Normal,IR1,Attchd,225000
7500,6,7,1494,1,3,1,Normal,IR1,Attchd,177500
10120,8,5,2526,2,4,3,Normal,Reg,Attchd,290000
8688,7,5,1616,2,3,3,Normal,Reg,Attchd,232000
3363,7,5,1708,2,3,2,Normal,Reg,Detchd,130000
13173,9,5,1652,2,2,2,Normal,IR1,Attchd,325000
6955,7,5,1368,2,2,2,Partial,IR1,Attchd,202500
8072,5,5,990,1,3,2,Normal,Reg,Detchd,138000
12000,5,7,1122,1,2,2,Normal,Reg,Attchd,147000
7153,6,5,1294,2,3,2,Normal,Reg,Attchd,179200
17500,7,8,1902,2,3,2,Normal,Reg,Attchd,335000
8814,7,5,1274,2,3,2,Partial,Reg,Attchd,203000
9572,8,5,2810,2,4,2,Normal,IR1,Attchd,302000
14774,9,5,2599,2,4,3,Normal,IR1,BuiltIn,333168
8190,4,6,948,1,3,1,Normal,Reg,Detchd,119000
11075,6,5,2112,2,4,2,Normal,Reg,Attchd,206900
10226,8,5,1630,2,3,3,Normal,IR1,Attchd,295493
4230,7,5,1352,2,2,2,Partial,Reg,Attchd,208900
14781,8,5,1787,2,3,3,Normal,IR2,Attchd,275000
10215,4,5,948,1,3,1,Normal,Reg,Attchd,111000
8400,6,3,1478,1,3,2,Normal,Reg,Attchd,156500
6627,3,6,720,1,2,1,Normal,IR1,Detchd,72500
10186,7,5,1923,2,3,2,Normal,IR1,Attchd,190000
5330,4,7,708,1,2,0,Normal,Reg,NA,82500
9986,8,5,1795,2,2,3,Partial,Reg,Attchd,147000
3636,4,4,796,1,2,0,Normal,Reg,NA,55000
4270,3,6,774,1,3,0,Normal,Reg,NA,79000
6600,5,9,816,1,3,1,Normal,Reg,Attchd,130500
10440,6,7,2792,2,5,2,Normal,Reg,Detchd,256000
9084,7,5,1632,2,3,2,Normal,IR1,Attchd,176500
10000,8,5,1588,2,3,3,Normal,Reg,Attchd,227000
10780,5,5,954,1,3,2,Normal,IR1,Detchd,132500
8877,4,6,816,1,2,1,Normal,Reg,Detchd,100000
7200,5,6,1360,1,2,1,Normal,Reg,Detchd,125500
2368,5,6,1365,1,3,2,Normal,Reg,Attchd,125000
9650,6,5,1334,2,2,2,Normal,Reg,Attchd,167900
9246,5,5,1656,2,4,2,Normal,IR1,Detchd,135000
4118,4,4,693,1,2,0,Normal,IR1,NA,52500
13450,7,5,1861,2,3,2,Normal,IR1,BuiltIn,200000
9560,5,7,864,1,3,1,Normal,IR1,Attchd,128500
8294,4,5,872,1,3,4,Normal,Reg,Detchd,123000
13695,6,5,1114,1,3,2,Normal,Reg,Detchd,155000
9375,8,5,2169,2,3,2,Normal,Reg,Attchd,228500
7558,6,6,1913,1,3,2,Normal,Reg,Detchd,177000
11103,7,5,1456,2,3,2,Partial,IR1,Attchd,155835
6000,4,4,960,1,2,1,Normal,Reg,Detchd,108500
20781,7,7,2156,2,3,2,Normal,IR2,Attchd,262500
15306,8,5,1776,2,3,3,Partial,IR1,Attchd,283463
16196,7,5,1494,2,3,2,Normal,IR3,Attchd,215000
5250,8,5,2358,2,4,0,Normal,Reg,NA,122000
11643,5,5,2634,2,6,4,Normal,Reg,Detchd,200000
9247,6,6,1716,1,4,2,Normal,IR1,Attchd,171000
6000,6,9,1176,1,2,2,Normal,Reg,Detchd,134900
14720,8,5,3238,2,4,3,Normal,IR1,Attchd,410000
10316,7,5,1865,2,3,3,Normal,IR1,Attchd,235000
10192,7,6,1920,3,4,2,Normal,IR1,Attchd,170000
9477,5,5,892,1,3,1,Normal,Reg,Attchd,110000
12537,5,6,1078,1,3,2,Normal,IR1,Attchd,149900
2117,6,5,1573,2,3,2,Normal,Reg,Detchd,177500
16737,9,5,1980,2,3,3,Normal,Reg,Attchd,315000
9842,5,6,2601,3,4,2,Normal,Reg,BuiltIn,189000
16158,7,5,1530,2,3,2,Normal,IR1,Attchd,260000
12513,4,4,1738,2,4,1,Normal,IR1,Attchd,104900
8499,6,5,1412,2,3,2,Partial,IR1,BuiltIn,156932
3180,7,5,1200,2,2,2,Abnorml,Reg,Detchd,144152
7500,7,5,1674,2,3,2,Normal,Reg,Attchd,216000
9179,7,5,1790,2,3,2,Abnorml,IR1,Attchd,193000
2665,5,6,1475,2,4,1,Normal,Reg,Attchd,127000
4435,6,5,848,1,1,2,Normal,Reg,Attchd,144000
10635,8,5,1668,2,3,2,Normal,IR2,Attchd,232000
5400,4,6,1374,1,2,1,Normal,Reg,Detchd,105000
9600,6,6,1661,1,3,1,Normal,Reg,BuiltIn,165500
9750,7,6,2097,2,3,2,Normal,Reg,Detchd,274300
11400,10,5,2633,2,2,3,Normal,Reg,Attchd,466500
10625,7,5,1958,2,3,3,Normal,Reg,Attchd,250000
10991,8,5,1571,2,3,3,Partial,IR1,Attchd,239000
6292,6,5,790,1,2,1,Normal,Reg,Detchd,91000
10998,5,5,1604,2,3,2,Normal,Reg,Detchd,117000
1953,6,5,987,1,2,1,Normal,Reg,Detchd,83000
9735,5,5,1394,2,3,2,Normal,Reg,BuiltIn,167500
8212,3,3,864,1,2,1,Normal,Reg,Detchd,58500
12925,6,7,2117,2,4,2,Normal,IR1,Attchd,237500
7200,7,7,1762,1,4,2,Normal,Reg,Detchd,157000
25339,5,7,1416,2,3,2,Normal,Reg,Attchd,112000
9060,6,5,1258,1,2,1,Normal,Reg,Detchd,105000
5436,4,8,1154,1,3,1,Normal,Reg,Detchd,125500
16692,7,5,2784,3,5,2,Normal,IR1,Attchd,250000
8520,6,7,2526,2,5,1,Family,Reg,Detchd,136000
14892,9,5,1746,2,3,3,Normal,IR1,Attchd,377500
6000,6,6,1218,1,3,2,Normal,Reg,Detchd,131000
9100,7,5,1525,2,3,2,Normal,Reg,Attchd,235000
8944,5,5,1584,2,4,3,Normal,Reg,Detchd,124000
7838,5,5,900,1,3,1,Normal,Reg,Attchd,123000
10800,6,7,1912,2,3,2,Normal,Reg,Detchd,163000
4045,7,5,1500,2,2,3,Partial,Reg,Attchd,246578
12665,8,5,2482,2,4,3,Normal,IR1,BuiltIn,281213
57200,5,5,1687,1,3,2,Normal,IR1,Detchd,160000
6120,5,8,1513,1,4,1,Normal,Reg,Detchd,137500
7200,5,4,1904,1,3,1,Normal,Reg,Attchd,138000
6171,6,6,1608,2,3,1,Normal,Reg,Detchd,137450
6000,6,7,1158,1,3,1,Normal,Reg,BuiltIn,120000
7415,6,5,1593,2,3,2,Normal,IR1,Attchd,193000
6762,7,5,1294,2,2,2,Partial,Reg,Attchd,193879
15256,8,5,1464,2,3,3,Normal,IR1,Attchd,282922
10410,3,4,1214,1,3,3,Family,Reg,Detchd,105000
3842,8,5,1646,2,2,2,Normal,IR1,Attchd,275000
8445,5,7,768,1,2,2,Normal,Reg,Detchd,133000
8780,5,5,833,1,3,0,Normal,IR1,NA,112000
7740,4,7,1363,1,3,2,Normal,Reg,Detchd,125500
20544,7,6,2093,2,3,2,Normal,IR1,Attchd,215000
12420,7,5,1840,2,3,2,Normal,Reg,Attchd,230000
9600,6,8,1668,1,3,1,Normal,Reg,Attchd,140000
7200,4,5,1040,2,2,2,Normal,Reg,Detchd,90000
10994,8,5,1844,2,2,2,Abnorml,IR1,Attchd,257000
13053,6,7,1848,1,4,2,Normal,Reg,Detchd,207000
3635,7,5,1569,2,1,3,Normal,Reg,Attchd,175900
11340,4,6,2290,2,4,2,Normal,Reg,Detchd,122500
16545,8,5,2450,2,3,3,Normal,IR1,Attchd,340000
9204,5,5,1144,1,3,1,Normal,Reg,Detchd,124000
16381,6,5,1844,2,3,2,Normal,IR1,Attchd,223000
11700,6,6,1416,2,3,2,Normal,Reg,Attchd,179900
4043,6,5,1069,2,2,2,Normal,Reg,Attchd,127500
4435,6,5,848,1,1,2,Normal,Reg,Attchd,136500
19690,6,7,2201,2,4,2,Alloca,IR1,Attchd,274970
9503,5,5,1344,1,2,1,Normal,Reg,Detchd,144000
10721,6,6,1252,1,3,2,Normal,IR1,Detchd,142000
10944,7,5,2127,2,3,2,Normal,IR1,Attchd,271000
10930,5,6,1558,1,3,1,Normal,Reg,Attchd,140000
7200,5,7,804,1,2,1,Abnorml,Reg,Attchd,119000
12546,6,7,1440,2,3,2,Normal,IR1,Attchd,182900
21930,5,5,1838,2,4,2,Normal,IR3,BuiltIn,192140
4928,6,6,958,2,2,2,Normal,IR1,Attchd,143750
10800,4,6,968,2,4,1,Normal,Reg,Detchd,64500
10261,6,5,1792,2,3,2,Normal,IR1,Attchd,186500
17400,5,5,1126,2,3,2,Normal,Reg,Attchd,160000
8400,6,9,1537,1,3,2,Abnorml,Reg,Attchd,174000
9000,4,6,864,1,3,2,Normal,Reg,Detchd,120500
12444,8,5,1932,2,2,3,Partial,Reg,Attchd,394617
7407,6,7,1236,1,2,2,Normal,Reg,Attchd,149700
11584,7,6,1725,2,3,2,Normal,Reg,Attchd,197000
11526,6,7,2555,2,3,2,Normal,IR1,Detchd,191000
4426,6,5,848,1,1,2,Normal,Reg,Attchd,149300
11003,10,5,2007,2,3,3,Normal,Reg,Attchd,310000
8854,6,6,952,1,2,1,Normal,Reg,Detchd,121000
8500,7,5,1422,2,3,2,Normal,Reg,Attchd,179600
8400,6,5,913,1,3,1,Normal,Reg,Detchd,129000
26142,5,7,1188,1,3,1,Normal,IR1,Attchd,157900
10000,8,5,2090,2,3,2,Normal,Reg,Attchd,240000
11767,4,7,1346,1,2,1,Normal,Reg,Detchd,112000
1533,5,7,630,1,1,0,Abnorml,Reg,NA,92000
9000,5,5,1792,2,4,0,Normal,Reg,NA,136000
9262,8,5,1578,2,3,3,Partial,Reg,Attchd,287090
3675,5,5,1072,1,2,2,Normal,Reg,Basment,145000
17217,5,5,1140,1,3,0,Abnorml,Reg,NA,84500
7500,7,5,1221,2,2,2,Normal,Reg,Attchd,185000
7917,6,5,1647,2,3,2,Normal,Reg,Attchd,175000
13175,6,6,2073,2,3,2,Normal,Reg,Attchd,210000
9042,7,9,2340,2,4,1,Normal,Reg,Attchd,266500
9717,5,6,1078,1,2,1,Normal,Reg,Attchd,142125
9937,5,6,1256,1,3,1,Normal,Reg,Attchd,147500